Id,Response
20000,8
20001,8
20002,8
20003,8
20004,8
20005,8
20006,8
20007,8
20008,8
20009,8
20010,8
20011,8
20012,8
20013,8
20014,8
20015,8
20016,8
20017,8
20018,8
20019,8
20020,8
20021,8
20022,8
20023,8
20024,8
20025,8
20026,8
20027,8
20028,8
20029,8
20030,8
20031,8
20032,8
20033,8
20034,8
20035,8
20036,8
20037,8
20038,8
20039,8
20040,8
20041,8
20042,8
20043,8
20044,8
20045,8
20046,8
20047,8
20048,8
20049,8
20050,8
20051,8
20052,8
20053,8
20054,8
20055,8
20056,8
20057,8
20058,8
20059,8
20060,8
20061,8
20062,8
20063,8
20064,8
20065,8
20066,8
20067,8
20068,8
20069,8
20070,8
20071,8
20072,8
20073,8
20074,8
20075,8
20076,8
20077,8
20078,8
20079,8
20080,8
20081,8
20082,8
20083,8
20084,8
20085,8
20086,8
20087,8
20088,8
20089,8
20090,8
20091,8
20092,8
20093,8
20094,8
20095,8
20096,8
20097,8
20098,8
20099,8
20100,8
20101,8
20102,8
20103,8
20104,8
20105,8
20106,8
20107,8
20108,8
20109,8
20110,8
20111,8
20112,8
20113,8
20114,8
20115,8
20116,8
20117,8
20118,8
20119,8
20120,8
20121,8
20122,8
20123,8
20124,8
20125,8
20126,8
20127,8
20128,8
20129,8
20130,8
20131,8
20132,8
20133,8
20134,8
20135,8
20136,8
20137,8
20138,8
20139,8
20140,8
20141,8
20142,8
20143,8
20144,8
20145,8
20146,8
20147,8
20148,8
20149,8
20150,8
20151,8
20152,8
20153,8
20154,8
20155,8
20156,8
20157,8
20158,8
20159,8
20160,8
20161,8
20162,8
20163,8
20164,8
20165,8
20166,8
20167,8
20168,8
20169,8
20170,8
20171,8
20172,8
20173,8
20174,8
20175,8
20176,8
20177,8
20178,8
20179,8
20180,8
20181,8
20182,8
20183,8
20184,8
20185,8
20186,8
20187,8
20188,8
20189,8
20190,8
20191,8
20192,8
20193,8
20194,8
20195,8
20196,8
20197,8
20198,8
20199,8
20200,8
20201,8
20202,8
20203,8
20204,8
20205,8
20206,8
20207,8
20208,8
20209,8
20210,8
20211,8
20212,8
20213,8
20214,8
20215,8
20216,8
20217,8
20218,8
20219,8
20220,8
20221,8
20222,8
20223,8
20224,8
20225,8
20226,8
20227,8
20228,8
20229,8
20230,8
20231,8
20232,8
20233,8
20234,8
20235,8
20236,8
20237,8
20238,8
20239,8
20240,8
20241,8
20242,8
20243,8
20244,8
20245,8
20246,8
20247,8
20248,8
20249,8
20250,8
20251,8
20252,8
20253,8
20254,8
20255,8
20256,8
20257,8
20258,8
20259,8
20260,8
20261,8
20262,8
20263,8
20264,8
20265,8
20266,8
20267,8
20268,8
20269,8
20270,8
20271,8
20272,8
20273,8
20274,8
20275,8
20276,8
20277,8
20278,8
20279,8
20280,8
20281,8
20282,8
20283,8
20284,8
20285,8
20286,8
20287,8
20288,8
20289,8
20290,8
20291,8
20292,8
20293,8
20294,8
20295,8
20296,8
20297,8
20298,8
20299,8
20300,8
20301,8
20302,8
20303,8
20304,8
20305,8
20306,8
20307,8
20308,8
20309,8
20310,8
20311,8
20312,8
20313,8
20314,8
20315,8
20316,8
20317,8
20318,8
20319,8
20320,8
20321,8
20322,8
20323,8
20324,8
20325,8
20326,8
20327,8
20328,8
20329,8
20330,8
20331,8
20332,8
20333,8
20334,8
20335,8
20336,8
20337,8
20338,8
20339,8
20340,8
20341,8
20342,8
20343,8
20344,8
20345,8
20346,8
20347,8
20348,8
20349,8
20350,8
20351,8
20352,8
20353,8
20354,8
20355,8
20356,8
20357,8
20358,8
20359,8
20360,8
20361,8
20362,8
20363,8
20364,8
20365,8
20366,8
20367,8
20368,8
20369,8
20370,8
20371,8
20372,8
20373,8
20374,8
20375,8
20376,8
20377,8
20378,8
20379,8
20380,8
20381,8
20382,8
20383,8
20384,8
20385,8
20386,8
20387,8
20388,8
20389,8
20390,8
20391,8
20392,8
20393,8
20394,8
20395,8
20396,8
20397,8
20398,8
20399,8
20400,8
20401,8
20402,8
20403,8
20404,8
20405,8
20406,8
20407,8
20408,8
20409,8
20410,8
20411,8
20412,8
20413,8
20414,8
20415,8
20416,8
20417,8
20418,8
20419,8
20420,8
20421,8
20422,8
20423,8
20424,8
20425,8
20426,8
20427,8
20428,8
20429,8
20430,8
20431,8
20432,8
20433,8
20434,8
20435,8
20436,8
20437,8
20438,8
20439,8
20440,8
20441,8
20442,8
20443,8
20444,8
20445,8
20446,8
20447,8
20448,8
20449,8
20450,8
20451,8
20452,8
20453,8
20454,8
20455,8
20456,8
20457,8
20458,8
20459,8
20460,8
20461,8
20462,8
20463,8
20464,8
20465,8
20466,8
20467,8
20468,8
20469,8
20470,8
20471,8
20472,8
20473,8
20474,8
20475,8
20476,8
20477,8
20478,8
20479,8
20480,8
20481,8
20482,8
20483,8
20484,8
20485,8
20486,8
20487,8
20488,8
20489,8
20490,8
20491,8
20492,8
20493,8
20494,8
20495,8
20496,8
20497,8
20498,8
20499,8
20500,8
20501,8
20502,8
20503,8
20504,8
20505,8
20506,8
20507,8
20508,8
20509,8
20510,8
20511,8
20512,8
20513,8
20514,8
20515,8
20516,8
20517,8
20518,8
20519,8
20520,8
20521,8
20522,8
20523,8
20524,8
20525,8
20526,8
20527,8
20528,8
20529,8
20530,8
20531,8
20532,8
20533,8
20534,8
20535,8
20536,8
20537,8
20538,8
20539,8
20540,8
20541,8
20542,8
20543,8
20544,8
20545,8
20546,8
20547,8
20548,8
20549,8
20550,8
20551,8
20552,8
20553,8
20554,8
20555,8
20556,8
20557,8
20558,8
20559,8
20560,8
20561,8
20562,8
20563,8
20564,8
20565,8
20566,8
20567,8
20568,8
20569,8
20570,8
20571,8
20572,8
20573,8
20574,8
20575,8
20576,8
20577,8
20578,8
20579,8
20580,8
20581,8
20582,8
20583,8
20584,8
20585,8
20586,8
20587,8
20588,8
20589,8
20590,8
20591,8
20592,8
20593,8
20594,8
20595,8
20596,8
20597,8
20598,8
20599,8
20600,8
20601,8
20602,8
20603,8
20604,8
20605,8
20606,8
20607,8
20608,8
20609,8
20610,8
20611,8
20612,8
20613,8
20614,8
20615,8
20616,8
20617,8
20618,8
20619,8
20620,8
20621,8
20622,8
20623,8
20624,8
20625,8
20626,8
20627,8
20628,8
20629,8
20630,8
20631,8
20632,8
20633,8
20634,8
20635,8
20636,8
20637,8
20638,8
20639,8
20640,8
20641,8
20642,8
20643,8
20644,8
20645,8
20646,8
20647,8
20648,8
20649,8
20650,8
20651,8
20652,8
20653,8
20654,8
20655,8
20656,8
20657,8
20658,8
20659,8
20660,8
20661,8
20662,8
20663,8
20664,8
20665,8
20666,8
20667,8
20668,8
20669,8
20670,8
20671,8
20672,8
20673,8
20674,8
20675,8
20676,8
20677,8
20678,8
20679,8
20680,8
20681,8
20682,8
20683,8
20684,8
20685,8
20686,8
20687,8
20688,8
20689,8
20690,8
20691,8
20692,8
20693,8
20694,8
20695,8
20696,8
20697,8
20698,8
20699,8
20700,8
20701,8
20702,8
20703,8
20704,8
20705,8
20706,8
20707,8
20708,8
20709,8
20710,8
20711,8
20712,8
20713,8
20714,8
20715,8
20716,8
20717,8
20718,8
20719,8
20720,8
20721,8
20722,8
20723,8
20724,8
20725,8
20726,8
20727,8
20728,8
20729,8
20730,8
20731,8
20732,8
20733,8
20734,8
20735,8
20736,8
20737,8
20738,8
20739,8
20740,8
20741,8
20742,8
20743,8
20744,8
20745,8
20746,8
20747,8
20748,8
20749,8
20750,8
20751,8
20752,8
20753,8
20754,8
20755,8
20756,8
20757,8
20758,8
20759,8
20760,8
20761,8
20762,8
20763,8
20764,8
20765,8
20766,8
20767,8
20768,8
20769,8
20770,8
20771,8
20772,8
20773,8
20774,8
20775,8
20776,8
20777,8
20778,8
20779,8
20780,8
20781,8
20782,8
20783,8
20784,8
20785,8
20786,8
20787,8
20788,8
20789,8
20790,8
20791,8
20792,8
20793,8
20794,8
20795,8
20796,8
20797,8
20798,8
20799,8
20800,8
20801,8
20802,8
20803,8
20804,8
20805,8
20806,8
20807,8
20808,8
20809,8
20810,8
20811,8
20812,8
20813,8
20814,8
20815,8
20816,8
20817,8
20818,8
20819,8
20820,8
20821,8
20822,8
20823,8
20824,8
20825,8
20826,8
20827,8
20828,8
20829,8
20830,8
20831,8
20832,8
20833,8
20834,8
20835,8
20836,8
20837,8
20838,8
20839,8
20840,8
20841,8
20842,8
20843,8
20844,8
20845,8
20846,8
20847,8
20848,8
20849,8
20850,8
20851,8
20852,8
20853,8
20854,8
20855,8
20856,8
20857,8
20858,8
20859,8
20860,8
20861,8
20862,8
20863,8
20864,8
20865,8
20866,8
20867,8
20868,8
20869,8
20870,8
20871,8
20872,8
20873,8
20874,8
20875,8
20876,8
20877,8
20878,8
20879,8
20880,8
20881,8
20882,8
20883,8
20884,8
20885,8
20886,8
20887,8
20888,8
20889,8
20890,8
20891,8
20892,8
20893,8
20894,8
20895,8
20896,8
20897,8
20898,8
20899,8
20900,8
20901,8
20902,8
20903,8
20904,8
20905,8
20906,8
20907,8
20908,8
20909,8
20910,8
20911,8
20912,8
20913,8
20914,8
20915,8
20916,8
20917,8
20918,8
20919,8
20920,8
20921,8
20922,8
20923,8
20924,8
20925,8
20926,8
20927,8
20928,8
20929,8
20930,8
20931,8
20932,8
20933,8
20934,8
20935,8
20936,8
20937,8
20938,8
20939,8
20940,8
20941,8
20942,8
20943,8
20944,8
20945,8
20946,8
20947,8
20948,8
20949,8
20950,8
20951,8
20952,8
20953,8
20954,8
20955,8
20956,8
20957,8
20958,8
20959,8
20960,8
20961,8
20962,8
20963,8
20964,8
20965,8
20966,8
20967,8
20968,8
20969,8
20970,8
20971,8
20972,8
20973,8
20974,8
20975,8
20976,8
20977,8
20978,8
20979,8
20980,8
20981,8
20982,8
20983,8
20984,8
20985,8
20986,8
20987,8
20988,8
20989,8
20990,8
20991,8
20992,8
20993,8
20994,8
20995,8
20996,8
20997,8
20998,8
20999,8
21000,8
21001,8
21002,8
21003,8
21004,8
21005,8
21006,8
21007,8
21008,8
21009,8
21010,8
21011,8
21012,8
21013,8
21014,8
21015,8
21016,8
21017,8
21018,8
21019,8
21020,8
21021,8
21022,8
21023,8
21024,8
21025,8
21026,8
21027,8
21028,8
21029,8
21030,8
21031,8
21032,8
21033,8
21034,8
21035,8
21036,8
21037,8
21038,8
21039,8
21040,8
21041,8
21042,8
21043,8
21044,8
21045,8
21046,8
21047,8
21048,8
21049,8
21050,8
21051,8
21052,8
21053,8
21054,8
21055,8
21056,8
21057,8
21058,8
21059,8
21060,8
21061,8
21062,8
21063,8
21064,8
21065,8
21066,8
21067,8
21068,8
21069,8
21070,8
21071,8
21072,8
21073,8
21074,8
21075,8
21076,8
21077,8
21078,8
21079,8
21080,8
21081,8
21082,8
21083,8
21084,8
21085,8
21086,8
21087,8
21088,8
21089,8
21090,8
21091,8
21092,8
21093,8
21094,8
21095,8
21096,8
21097,8
21098,8
21099,8
21100,8
21101,8
21102,8
21103,8
21104,8
21105,8
21106,8
21107,8
21108,8
21109,8
21110,8
21111,8
21112,8
21113,8
21114,8
21115,8
21116,8
21117,8
21118,8
21119,8
21120,8
21121,8
21122,8
21123,8
21124,8
21125,8
21126,8
21127,8
21128,8
21129,8
21130,8
21131,8
21132,8
21133,8
21134,8
21135,8
21136,8
21137,8
21138,8
21139,8
21140,8
21141,8
21142,8
21143,8
21144,8
21145,8
21146,8
21147,8
21148,8
21149,8
21150,8
21151,8
21152,8
21153,8
21154,8
21155,8
21156,8
21157,8
21158,8
21159,8
21160,8
21161,8
21162,8
21163,8
21164,8
21165,8
21166,8
21167,8
21168,8
21169,8
21170,8
21171,8
21172,8
21173,8
21174,8
21175,8
21176,8
21177,8
21178,8
21179,8
21180,8
21181,8
21182,8
21183,8
21184,8
21185,8
21186,8
21187,8
21188,8
21189,8
21190,8
21191,8
21192,8
21193,8
21194,8
21195,8
21196,8
21197,8
21198,8
21199,8
21200,8
21201,8
21202,8
21203,8
21204,8
21205,8
21206,8
21207,8
21208,8
21209,8
21210,8
21211,8
21212,8
21213,8
21214,8
21215,8
21216,8
21217,8
21218,8
21219,8
21220,8
21221,8
21222,8
21223,8
21224,8
21225,8
21226,8
21227,8
21228,8
21229,8
21230,8
21231,8
21232,8
21233,8
21234,8
21235,8
21236,8
21237,8
21238,8
21239,8
21240,8
21241,8
21242,8
21243,8
21244,8
21245,8
21246,8
21247,8
21248,8
21249,8
21250,8
21251,8
21252,8
21253,8
21254,8
21255,8
21256,8
21257,8
21258,8
21259,8
21260,8
21261,8
21262,8
21263,8
21264,8
21265,8
21266,8
21267,8
21268,8
21269,8
21270,8
21271,8
21272,8
21273,8
21274,8
21275,8
21276,8
21277,8
21278,8
21279,8
21280,8
21281,8
21282,8
21283,8
21284,8
21285,8
21286,8
21287,8
21288,8
21289,8
21290,8
21291,8
21292,8
21293,8
21294,8
21295,8
21296,8
21297,8
21298,8
21299,8
21300,8
21301,8
21302,8
21303,8
21304,8
21305,8
21306,8
21307,8
21308,8
21309,8
21310,8
21311,8
21312,8
21313,8
21314,8
21315,8
21316,8
21317,8
21318,8
21319,8
21320,8
21321,8
21322,8
21323,8
21324,8
21325,8
21326,8
21327,8
21328,8
21329,8
21330,8
21331,8
21332,8
21333,8
21334,8
21335,8
21336,8
21337,8
21338,8
21339,8
21340,8
21341,8
21342,8
21343,8
21344,8
21345,8
21346,8
21347,8
21348,8
21349,8
21350,8
21351,8
21352,8
21353,8
21354,8
21355,8
21356,8
21357,8
21358,8
21359,8
21360,8
21361,8
21362,8
21363,8
21364,8
21365,8
21366,8
21367,8
21368,8
21369,8
21370,8
21371,8
21372,8
21373,8
21374,8
21375,8
21376,8
21377,8
21378,8
21379,8
21380,8
21381,8
21382,8
21383,8
21384,8
21385,8
21386,8
21387,8
21388,8
21389,8
21390,8
21391,8
21392,8
21393,8
21394,8
21395,8
21396,8
21397,8
21398,8
21399,8
21400,8
21401,8
21402,8
21403,8
21404,8
21405,8
21406,8
21407,8
21408,8
21409,8
21410,8
21411,8
21412,8
21413,8
21414,8
21415,8
21416,8
21417,8
21418,8
21419,8
21420,8
21421,8
21422,8
21423,8
21424,8
21425,8
21426,8
21427,8
21428,8
21429,8
21430,8
21431,8
21432,8
21433,8
21434,8
21435,8
21436,8
21437,8
21438,8
21439,8
21440,8
21441,8
21442,8
21443,8
21444,8
21445,8
21446,8
21447,8
21448,8
21449,8
21450,8
21451,8
21452,8
21453,8
21454,8
21455,8
21456,8
21457,8
21458,8
21459,8
21460,8
21461,8
21462,8
21463,8
21464,8
21465,8
21466,8
21467,8
21468,8
21469,8
21470,8
21471,8
21472,8
21473,8
21474,8
21475,8
21476,8
21477,8
21478,8
21479,8
21480,8
21481,8
21482,8
21483,8
21484,8
21485,8
21486,8
21487,8
21488,8
21489,8
21490,8
21491,8
21492,8
21493,8
21494,8
21495,8
21496,8
21497,8
21498,8
21499,8
21500,8
21501,8
21502,8
21503,8
21504,8
21505,8
21506,8
21507,8
21508,8
21509,8
21510,8
21511,8
21512,8
21513,8
21514,8
21515,8
21516,8
21517,8
21518,8
21519,8
21520,8
21521,8
21522,8
21523,8
21524,8
21525,8
21526,8
21527,8
21528,8
21529,8
21530,8
21531,8
21532,8
21533,8
21534,8
21535,8
21536,8
21537,8
21538,8
21539,8
21540,8
21541,8
21542,8
21543,8
21544,8
21545,8
21546,8
21547,8
21548,8
21549,8
21550,8
21551,8
21552,8
21553,8
21554,8
21555,8
21556,8
21557,8
21558,8
21559,8
21560,8
21561,8
21562,8
21563,8
21564,8
21565,8
21566,8
21567,8
21568,8
21569,8
21570,8
21571,8
21572,8
21573,8
21574,8
21575,8
21576,8
21577,8
21578,8
21579,8
21580,8
21581,8
21582,8
21583,8
21584,8
21585,8
21586,8
21587,8
21588,8
21589,8
21590,8
21591,8
21592,8
21593,8
21594,8
21595,8
21596,8
21597,8
21598,8
21599,8
21600,8
21601,8
21602,8
21603,8
21604,8
21605,8
21606,8
21607,8
21608,8
21609,8
21610,8
21611,8
21612,8
21613,8
21614,8
21615,8
21616,8
21617,8
21618,8
21619,8
21620,8
21621,8
21622,8
21623,8
21624,8
21625,8
21626,8
21627,8
21628,8
21629,8
21630,8
21631,8
21632,8
21633,8
21634,8
21635,8
21636,8
21637,8
21638,8
21639,8
21640,8
21641,8
21642,8
21643,8
21644,8
21645,8
21646,8
21647,8
21648,8
21649,8
21650,8
21651,8
21652,8
21653,8
21654,8
21655,8
21656,8
21657,8
21658,8
21659,8
21660,8
21661,8
21662,8
21663,8
21664,8
21665,8
21666,8
21667,8
21668,8
21669,8
21670,8
21671,8
21672,8
21673,8
21674,8
21675,8
21676,8
21677,8
21678,8
21679,8
21680,8
21681,8
21682,8
21683,8
21684,8
21685,8
21686,8
21687,8
21688,8
21689,8
21690,8
21691,8
21692,8
21693,8
21694,8
21695,8
21696,8
21697,8
21698,8
21699,8
21700,8
21701,8
21702,8
21703,8
21704,8
21705,8
21706,8
21707,8
21708,8
21709,8
21710,8
21711,8
21712,8
21713,8
21714,8
21715,8
21716,8
21717,8
21718,8
21719,8
21720,8
21721,8
21722,8
21723,8
21724,8
21725,8
21726,8
21727,8
21728,8
21729,8
21730,8
21731,8
21732,8
21733,8
21734,8
21735,8
21736,8
21737,8
21738,8
21739,8
21740,8
21741,8
21742,8
21743,8
21744,8
21745,8
21746,8
21747,8
21748,8
21749,8
21750,8
21751,8
21752,8
21753,8
21754,8
21755,8
21756,8
21757,8
21758,8
21759,8
21760,8
21761,8
21762,8
21763,8
21764,8
21765,8
21766,8
21767,8
21768,8
21769,8
21770,8
21771,8
21772,8
21773,8
21774,8
21775,8
21776,8
21777,8
21778,8
21779,8
21780,8
21781,8
21782,8
21783,8
21784,8
21785,8
21786,8
21787,8
21788,8
21789,8
21790,8
21791,8
21792,8
21793,8
21794,8
21795,8
21796,8
21797,8
21798,8
21799,8
21800,8
21801,8
21802,8
21803,8
21804,8
21805,8
21806,8
21807,8
21808,8
21809,8
21810,8
21811,8
21812,8
21813,8
21814,8
21815,8
21816,8
21817,8
21818,8
21819,8
21820,8
21821,8
21822,8
21823,8
21824,8
21825,8
21826,8
21827,8
21828,8
21829,8
21830,8
21831,8
21832,8
21833,8
21834,8
21835,8
21836,8
21837,8
21838,8
21839,8
21840,8
21841,8
21842,8
21843,8
21844,8
21845,8
21846,8
21847,8
21848,8
21849,8
21850,8
21851,8
21852,8
21853,8
21854,8
21855,8
21856,8
21857,8
21858,8
21859,8
21860,8
21861,8
21862,8
21863,8
21864,8
21865,8
21866,8
21867,8
21868,8
21869,8
21870,8
21871,8
21872,8
21873,8
21874,8
21875,8
21876,8
21877,8
21878,8
21879,8
21880,8
21881,8
21882,8
21883,8
21884,8
21885,8
21886,8
21887,8
21888,8
21889,8
21890,8
21891,8
21892,8
21893,8
21894,8
21895,8
21896,8
21897,8
21898,8
21899,8
21900,8
21901,8
21902,8
21903,8
21904,8
21905,8
21906,8
21907,8
21908,8
21909,8
21910,8
21911,8
21912,8
21913,8
21914,8
21915,8
21916,8
21917,8
21918,8
21919,8
21920,8
21921,8
21922,8
21923,8
21924,8
21925,8
21926,8
21927,8
21928,8
21929,8
21930,8
21931,8
21932,8
21933,8
21934,8
21935,8
21936,8
21937,8
21938,8
21939,8
21940,8
21941,8
21942,8
21943,8
21944,8
21945,8
21946,8
21947,8
21948,8
21949,8
21950,8
21951,8
21952,8
21953,8
21954,8
21955,8
21956,8
21957,8
21958,8
21959,8
21960,8
21961,8
21962,8
21963,8
21964,8
21965,8
21966,8
21967,8
21968,8
21969,8
21970,8
21971,8
21972,8
21973,8
21974,8
21975,8
21976,8
21977,8
21978,8
21979,8
21980,8
21981,8
21982,8
21983,8
21984,8
21985,8
21986,8
21987,8
21988,8
21989,8
21990,8
21991,8
21992,8
21993,8
21994,8
21995,8
21996,8
21997,8
21998,8
21999,8
22000,8
22001,8
22002,8
22003,8
22004,8
22005,8
22006,8
22007,8
22008,8
22009,8
22010,8
22011,8
22012,8
22013,8
22014,8
22015,8
22016,8
22017,8
22018,8
22019,8
22020,8
22021,8
22022,8
22023,8
22024,8
22025,8
22026,8
22027,8
22028,8
22029,8
22030,8
22031,8
22032,8
22033,8
22034,8
22035,8
22036,8
22037,8
22038,8
22039,8
22040,8
22041,8
22042,8
22043,8
22044,8
22045,8
22046,8
22047,8
22048,8
22049,8
22050,8
22051,8
22052,8
22053,8
22054,8
22055,8
22056,8
22057,8
22058,8
22059,8
22060,8
22061,8
22062,8
22063,8
22064,8
22065,8
22066,8
22067,8
22068,8
22069,8
22070,8
22071,8
22072,8
22073,8
22074,8
22075,8
22076,8
22077,8
22078,8
22079,8
22080,8
22081,8
22082,8
22083,8
22084,8
22085,8
22086,8
22087,8
22088,8
22089,8
22090,8
22091,8
22092,8
22093,8
22094,8
22095,8
22096,8
22097,8
22098,8
22099,8
22100,8
22101,8
22102,8
22103,8
22104,8
22105,8
22106,8
22107,8
22108,8
22109,8
22110,8
22111,8
22112,8
22113,8
22114,8
22115,8
22116,8
22117,8
22118,8
22119,8
22120,8
22121,8
22122,8
22123,8
22124,8
22125,8
22126,8
22127,8
22128,8
22129,8
22130,8
22131,8
22132,8
22133,8
22134,8
22135,8
22136,8
22137,8
22138,8
22139,8
22140,8
22141,8
22142,8
22143,8
22144,8
22145,8
22146,8
22147,8
22148,8
22149,8
22150,8
22151,8
22152,8
22153,8
22154,8
22155,8
22156,8
22157,8
22158,8
22159,8
22160,8
22161,8
22162,8
22163,8
22164,8
22165,8
22166,8
22167,8
22168,8
22169,8
22170,8
22171,8
22172,8
22173,8
22174,8
22175,8
22176,8
22177,8
22178,8
22179,8
22180,8
22181,8
22182,8
22183,8
22184,8
22185,8
22186,8
22187,8
22188,8
22189,8
22190,8
22191,8
22192,8
22193,8
22194,8
22195,8
22196,8
22197,8
22198,8
22199,8
22200,8
22201,8
22202,8
22203,8
22204,8
22205,8
22206,8
22207,8
22208,8
22209,8
22210,8
22211,8
22212,8
22213,8
22214,8
22215,8
22216,8
22217,8
22218,8
22219,8
22220,8
22221,8
22222,8
22223,8
22224,8
22225,8
22226,8
22227,8
22228,8
22229,8
22230,8
22231,8
22232,8
22233,8
22234,8
22235,8
22236,8
22237,8
22238,8
22239,8
22240,8
22241,8
22242,8
22243,8
22244,8
22245,8
22246,8
22247,8
22248,8
22249,8
22250,8
22251,8
22252,8
22253,8
22254,8
22255,8
22256,8
22257,8
22258,8
22259,8
22260,8
22261,8
22262,8
22263,8
22264,8
22265,8
22266,8
22267,8
22268,8
22269,8
22270,8
22271,8
22272,8
22273,8
22274,8
22275,8
22276,8
22277,8
22278,8
22279,8
22280,8
22281,8
22282,8
22283,8
22284,8
22285,8
22286,8
22287,8
22288,8
22289,8
22290,8
22291,8
22292,8
22293,8
22294,8
22295,8
22296,8
22297,8
22298,8
22299,8
22300,8
22301,8
22302,8
22303,8
22304,8
22305,8
22306,8
22307,8
22308,8
22309,8
22310,8
22311,8
22312,8
22313,8
22314,8
22315,8
22316,8
22317,8
22318,8
22319,8
22320,8
22321,8
22322,8
22323,8
22324,8
22325,8
22326,8
22327,8
22328,8
22329,8
22330,8
22331,8
22332,8
22333,8
22334,8
22335,8
22336,8
22337,8
22338,8
22339,8
22340,8
22341,8
22342,8
22343,8
22344,8
22345,8
22346,8
22347,8
22348,8
22349,8
22350,8
22351,8
22352,8
22353,8
22354,8
22355,8
22356,8
22357,8
22358,8
22359,8
22360,8
22361,8
22362,8
22363,8
22364,8
22365,8
22366,8
22367,8
22368,8
22369,8
22370,8
22371,8
22372,8
22373,8
22374,8
22375,8
22376,8
22377,8
22378,8
22379,8
22380,8
22381,8
22382,8
22383,8
22384,8
22385,8
22386,8
22387,8
22388,8
22389,8
22390,8
22391,8
22392,8
22393,8
22394,8
22395,8
22396,8
22397,8
22398,8
22399,8
22400,8
22401,8
22402,8
22403,8
22404,8
22405,8
22406,8
22407,8
22408,8
22409,8
22410,8
22411,8
22412,8
22413,8
22414,8
22415,8
22416,8
22417,8
22418,8
22419,8
22420,8
22421,8
22422,8
22423,8
22424,8
22425,8
22426,8
22427,8
22428,8
22429,8
22430,8
22431,8
22432,8
22433,8
22434,8
22435,8
22436,8
22437,8
22438,8
22439,8
22440,8
22441,8
22442,8
22443,8
22444,8
22445,8
22446,8
22447,8
22448,8
22449,8
22450,8
22451,8
22452,8
22453,8
22454,8
22455,8
22456,8
22457,8
22458,8
22459,8
22460,8
22461,8
22462,8
22463,8
22464,8
22465,8
22466,8
22467,8
22468,8
22469,8
22470,8
22471,8
22472,8
22473,8
22474,8
22475,8
22476,8
22477,8
22478,8
22479,8
22480,8
22481,8
22482,8
22483,8
22484,8
22485,8
22486,8
22487,8
22488,8
22489,8
22490,8
22491,8
22492,8
22493,8
22494,8
22495,8
22496,8
22497,8
22498,8
22499,8
22500,8
22501,8
22502,8
22503,8
22504,8
22505,8
22506,8
22507,8
22508,8
22509,8
22510,8
22511,8
22512,8
22513,8
22514,8
22515,8
22516,8
22517,8
22518,8
22519,8
22520,8
22521,8
22522,8
22523,8
22524,8
22525,8
22526,8
22527,8
22528,8
22529,8
22530,8
22531,8
22532,8
22533,8
22534,8
22535,8
22536,8
22537,8
22538,8
22539,8
22540,8
22541,8
22542,8
22543,8
22544,8
22545,8
22546,8
22547,8
22548,8
22549,8
22550,8
22551,8
22552,8
22553,8
22554,8
22555,8
22556,8
22557,8
22558,8
22559,8
22560,8
22561,8
22562,8
22563,8
22564,8
22565,8
22566,8
22567,8
22568,8
22569,8
22570,8
22571,8
22572,8
22573,8
22574,8
22575,8
22576,8
22577,8
22578,8
22579,8
22580,8
22581,8
22582,8
22583,8
22584,8
22585,8
22586,8
22587,8
22588,8
22589,8
22590,8
22591,8
22592,8
22593,8
22594,8
22595,8
22596,8
22597,8
22598,8
22599,8
22600,8
22601,8
22602,8
22603,8
22604,8
22605,8
22606,8
22607,8
22608,8
22609,8
22610,8
22611,8
22612,8
22613,8
22614,8
22615,8
22616,8
22617,8
22618,8
22619,8
22620,8
22621,8
22622,8
22623,8
22624,8
22625,8
22626,8
22627,8
22628,8
22629,8
22630,8
22631,8
22632,8
22633,8
22634,8
22635,8
22636,8
22637,8
22638,8
22639,8
22640,8
22641,8
22642,8
22643,8
22644,8
22645,8
22646,8
22647,8
22648,8
22649,8
22650,8
22651,8
22652,8
22653,8
22654,8
22655,8
22656,8
22657,8
22658,8
22659,8
22660,8
22661,8
22662,8
22663,8
22664,8
22665,8
22666,8
22667,8
22668,8
22669,8
22670,8
22671,8
22672,8
22673,8
22674,8
22675,8
22676,8
22677,8
22678,8
22679,8
22680,8
22681,8
22682,8
22683,8
22684,8
22685,8
22686,8
22687,8
22688,8
22689,8
22690,8
22691,8
22692,8
22693,8
22694,8
22695,8
22696,8
22697,8
22698,8
22699,8
22700,8
22701,8
22702,8
22703,8
22704,8
22705,8
22706,8
22707,8
22708,8
22709,8
22710,8
22711,8
22712,8
22713,8
22714,8
22715,8
22716,8
22717,8
22718,8
22719,8
22720,8
22721,8
22722,8
22723,8
22724,8
22725,8
22726,8
22727,8
22728,8
22729,8
22730,8
22731,8
22732,8
22733,8
22734,8
22735,8
22736,8
22737,8
22738,8
22739,8
22740,8
22741,8
22742,8
22743,8
22744,8
22745,8
22746,8
22747,8
22748,8
22749,8
22750,8
22751,8
22752,8
22753,8
22754,8
22755,8
22756,8
22757,8
22758,8
22759,8
22760,8
22761,8
22762,8
22763,8
22764,8
22765,8
22766,8
22767,8
22768,8
22769,8
22770,8
22771,8
22772,8
22773,8
22774,8
22775,8
22776,8
22777,8
22778,8
22779,8
22780,8
22781,8
22782,8
22783,8
22784,8
22785,8
22786,8
22787,8
22788,8
22789,8
22790,8
22791,8
22792,8
22793,8
22794,8
22795,8
22796,8
22797,8
22798,8
22799,8
22800,8
22801,8
22802,8
22803,8
22804,8
22805,8
22806,8
22807,8
22808,8
22809,8
22810,8
22811,8
22812,8
22813,8
22814,8
22815,8
22816,8
22817,8
22818,8
22819,8
22820,8
22821,8
22822,8
22823,8
22824,8
22825,8
22826,8
22827,8
22828,8
22829,8
22830,8
22831,8
22832,8
22833,8
22834,8
22835,8
22836,8
22837,8
22838,8
22839,8
22840,8
22841,8
22842,8
22843,8
22844,8
22845,8
22846,8
22847,8
22848,8
22849,8
22850,8
22851,8
22852,8
22853,8
22854,8
22855,8
22856,8
22857,8
22858,8
22859,8
22860,8
22861,8
22862,8
22863,8
22864,8
22865,8
22866,8
22867,8
22868,8
22869,8
22870,8
22871,8
22872,8
22873,8
22874,8
22875,8
22876,8
22877,8
22878,8
22879,8
22880,8
22881,8
22882,8
22883,8
22884,8
22885,8
22886,8
22887,8
22888,8
22889,8
22890,8
22891,8
22892,8
22893,8
22894,8
22895,8
22896,8
22897,8
22898,8
22899,8
22900,8
22901,8
22902,8
22903,8
22904,8
22905,8
22906,8
22907,8
22908,8
22909,8
22910,8
22911,8
22912,8
22913,8
22914,8
22915,8
22916,8
22917,8
22918,8
22919,8
22920,8
22921,8
22922,8
22923,8
22924,8
22925,8
22926,8
22927,8
22928,8
22929,8
22930,8
22931,8
22932,8
22933,8
22934,8
22935,8
22936,8
22937,8
22938,8
22939,8
22940,8
22941,8
22942,8
22943,8
22944,8
22945,8
22946,8
22947,8
22948,8
22949,8
22950,8
22951,8
22952,8
22953,8
22954,8
22955,8
22956,8
22957,8
22958,8
22959,8
22960,8
22961,8
22962,8
22963,8
22964,8
22965,8
22966,8
22967,8
22968,8
22969,8
22970,8
22971,8
22972,8
22973,8
22974,8
22975,8
22976,8
22977,8
22978,8
22979,8
22980,8
22981,8
22982,8
22983,8
22984,8
22985,8
22986,8
22987,8
22988,8
22989,8
22990,8
22991,8
22992,8
22993,8
22994,8
22995,8
22996,8
22997,8
22998,8
22999,8
23000,8
23001,8
23002,8
23003,8
23004,8
23005,8
23006,8
23007,8
23008,8
23009,8
23010,8
23011,8
23012,8
23013,8
23014,8
23015,8
23016,8
23017,8
23018,8
23019,8
23020,8
23021,8
23022,8
23023,8
23024,8
23025,8
23026,8
23027,8
23028,8
23029,8
23030,8
23031,8
23032,8
23033,8
23034,8
23035,8
23036,8
23037,8
23038,8
23039,8
23040,8
23041,8
23042,8
23043,8
23044,8
23045,8
23046,8
23047,8
23048,8
23049,8
23050,8
23051,8
23052,8
23053,8
23054,8
23055,8
23056,8
23057,8
23058,8
23059,8
23060,8
23061,8
23062,8
23063,8
23064,8
23065,8
23066,8
23067,8
23068,8
23069,8
23070,8
23071,8
23072,8
23073,8
23074,8
23075,8
23076,8
23077,8
23078,8
23079,8
23080,8
23081,8
23082,8
23083,8
23084,8
23085,8
23086,8
23087,8
23088,8
23089,8
23090,8
23091,8
23092,8
23093,8
23094,8
23095,8
23096,8
23097,8
23098,8
23099,8
23100,8
23101,8
23102,8
23103,8
23104,8
23105,8
23106,8
23107,8
23108,8
23109,8
23110,8
23111,8
23112,8
23113,8
23114,8
23115,8
23116,8
23117,8
23118,8
23119,8
23120,8
23121,8
23122,8
23123,8
23124,8
23125,8
23126,8
23127,8
23128,8
23129,8
23130,8
23131,8
23132,8
23133,8
23134,8
23135,8
23136,8
23137,8
23138,8
23139,8
23140,8
23141,8
23142,8
23143,8
23144,8
23145,8
23146,8
23147,8
23148,8
23149,8
23150,8
23151,8
23152,8
23153,8
23154,8
23155,8
23156,8
23157,8
23158,8
23159,8
23160,8
23161,8
23162,8
23163,8
23164,8
23165,8
23166,8
23167,8
23168,8
23169,8
23170,8
23171,8
23172,8
23173,8
23174,8
23175,8
23176,8
23177,8
23178,8
23179,8
23180,8
23181,8
23182,8
23183,8
23184,8
23185,8
23186,8
23187,8
23188,8
23189,8
23190,8
23191,8
23192,8
23193,8
23194,8
23195,8
23196,8
23197,8
23198,8
23199,8
23200,8
23201,8
23202,8
23203,8
23204,8
23205,8
23206,8
23207,8
23208,8
23209,8
23210,8
23211,8
23212,8
23213,8
23214,8
23215,8
23216,8
23217,8
23218,8
23219,8
23220,8
23221,8
23222,8
23223,8
23224,8
23225,8
23226,8
23227,8
23228,8
23229,8
23230,8
23231,8
23232,8
23233,8
23234,8
23235,8
23236,8
23237,8
23238,8
23239,8
23240,8
23241,8
23242,8
23243,8
23244,8
23245,8
23246,8
23247,8
23248,8
23249,8
23250,8
23251,8
23252,8
23253,8
23254,8
23255,8
23256,8
23257,8
23258,8
23259,8
23260,8
23261,8
23262,8
23263,8
23264,8
23265,8
23266,8
23267,8
23268,8
23269,8
23270,8
23271,8
23272,8
23273,8
23274,8
23275,8
23276,8
23277,8
23278,8
23279,8
23280,8
23281,8
23282,8
23283,8
23284,8
23285,8
23286,8
23287,8
23288,8
23289,8
23290,8
23291,8
23292,8
23293,8
23294,8
23295,8
23296,8
23297,8
23298,8
23299,8
23300,8
23301,8
23302,8
23303,8
23304,8
23305,8
23306,8
23307,8
23308,8
23309,8
23310,8
23311,8
23312,8
23313,8
23314,8
23315,8
23316,8
23317,8
23318,8
23319,8
23320,8
23321,8
23322,8
23323,8
23324,8
23325,8
23326,8
23327,8
23328,8
23329,8
23330,8
23331,8
23332,8
23333,8
23334,8
23335,8
23336,8
23337,8
23338,8
23339,8
23340,8
23341,8
23342,8
23343,8
23344,8
23345,8
23346,8
23347,8
23348,8
23349,8
23350,8
23351,8
23352,8
23353,8
23354,8
23355,8
23356,8
23357,8
23358,8
23359,8
23360,8
23361,8
23362,8
23363,8
23364,8
23365,8
23366,8
23367,8
23368,8
23369,8
23370,8
23371,8
23372,8
23373,8
23374,8
23375,8
23376,8
23377,8
23378,8
23379,8
23380,8
23381,8
23382,8
23383,8
23384,8
23385,8
23386,8
23387,8
23388,8
23389,8
23390,8
23391,8
23392,8
23393,8
23394,8
23395,8
23396,8
23397,8
23398,8
23399,8
23400,8
23401,8
23402,8
23403,8
23404,8
23405,8
23406,8
23407,8
23408,8
23409,8
23410,8
23411,8
23412,8
23413,8
23414,8
23415,8
23416,8
23417,8
23418,8
23419,8
23420,8
23421,8
23422,8
23423,8
23424,8
23425,8
23426,8
23427,8
23428,8
23429,8
23430,8
23431,8
23432,8
23433,8
23434,8
23435,8
23436,8
23437,8
23438,8
23439,8
23440,8
23441,8
23442,8
23443,8
23444,8
23445,8
23446,8
23447,8
23448,8
23449,8
23450,8
23451,8
23452,8
23453,8
23454,8
23455,8
23456,8
23457,8
23458,8
23459,8
23460,8
23461,8
23462,8
23463,8
23464,8
23465,8
23466,8
23467,8
23468,8
23469,8
23470,8
23471,8
23472,8
23473,8
23474,8
23475,8
23476,8
23477,8
23478,8
23479,8
23480,8
23481,8
23482,8
23483,8
23484,8
23485,8
23486,8
23487,8
23488,8
23489,8
23490,8
23491,8
23492,8
23493,8
23494,8
23495,8
23496,8
23497,8
23498,8
23499,8
23500,8
23501,8
23502,8
23503,8
23504,8
23505,8
23506,8
23507,8
23508,8
23509,8
23510,8
23511,8
23512,8
23513,8
23514,8
23515,8
23516,8
23517,8
23518,8
23519,8
23520,8
23521,8
23522,8
23523,8
23524,8
23525,8
23526,8
23527,8
23528,8
23529,8
23530,8
23531,8
23532,8
23533,8
23534,8
23535,8
23536,8
23537,8
23538,8
23539,8
23540,8
23541,8
23542,8
23543,8
23544,8
23545,8
23546,8
23547,8
23548,8
23549,8
23550,8
23551,8
23552,8
23553,8
23554,8
23555,8
23556,8
23557,8
23558,8
23559,8
23560,8
23561,8
23562,8
23563,8
23564,8
23565,8
23566,8
23567,8
23568,8
23569,8
23570,8
23571,8
23572,8
23573,8
23574,8
23575,8
23576,8
23577,8
23578,8
23579,8
23580,8
23581,8
23582,8
23583,8
23584,8
23585,8
23586,8
23587,8
23588,8
23589,8
23590,8
23591,8
23592,8
23593,8
23594,8
23595,8
23596,8
23597,8
23598,8
23599,8
23600,8
23601,8
23602,8
23603,8
23604,8
23605,8
23606,8
23607,8
23608,8
23609,8
23610,8
23611,8
23612,8
23613,8
23614,8
23615,8
23616,8
23617,8
23618,8
23619,8
23620,8
23621,8
23622,8
23623,8
23624,8
23625,8
23626,8
23627,8
23628,8
23629,8
23630,8
23631,8
23632,8
23633,8
23634,8
23635,8
23636,8
23637,8
23638,8
23639,8
23640,8
23641,8
23642,8
23643,8
23644,8
23645,8
23646,8
23647,8
23648,8
23649,8
23650,8
23651,8
23652,8
23653,8
23654,8
23655,8
23656,8
23657,8
23658,8
23659,8
23660,8
23661,8
23662,8
23663,8
23664,8
23665,8
23666,8
23667,8
23668,8
23669,8
23670,8
23671,8
23672,8
23673,8
23674,8
23675,8
23676,8
23677,8
23678,8
23679,8
23680,8
23681,8
23682,8
23683,8
23684,8
23685,8
23686,8
23687,8
23688,8
23689,8
23690,8
23691,8
23692,8
23693,8
23694,8
23695,8
23696,8
23697,8
23698,8
23699,8
23700,8
23701,8
23702,8
23703,8
23704,8
23705,8
23706,8
23707,8
23708,8
23709,8
23710,8
23711,8
23712,8
23713,8
23714,8
23715,8
23716,8
23717,8
23718,8
23719,8
23720,8
23721,8
23722,8
23723,8
23724,8
23725,8
23726,8
23727,8
23728,8
23729,8
23730,8
23731,8
23732,8
23733,8
23734,8
23735,8
23736,8
23737,8
23738,8
23739,8
23740,8
23741,8
23742,8
23743,8
23744,8
23745,8
23746,8
23747,8
23748,8
23749,8
23750,8
23751,8
23752,8
23753,8
23754,8
23755,8
23756,8
23757,8
23758,8
23759,8
23760,8
23761,8
23762,8
23763,8
23764,8
23765,8
23766,8
23767,8
23768,8
23769,8
23770,8
23771,8
23772,8
23773,8
23774,8
23775,8
23776,8
23777,8
23778,8
23779,8
23780,8
23781,8
23782,8
23783,8
23784,8
23785,8
23786,8
23787,8
23788,8
23789,8
23790,8
23791,8
23792,8
23793,8
23794,8
23795,8
23796,8
23797,8
23798,8
23799,8
23800,8
23801,8
23802,8
23803,8
23804,8
23805,8
23806,8
23807,8
23808,8
23809,8
23810,8
23811,8
23812,8
23813,8
23814,8
23815,8
23816,8
23817,8
23818,8
23819,8
23820,8
23821,8
23822,8
23823,8
23824,8
23825,8
23826,8
23827,8
23828,8
23829,8
23830,8
23831,8
23832,8
23833,8
23834,8
23835,8
23836,8
23837,8
23838,8
23839,8
23840,8
23841,8
23842,8
23843,8
23844,8
23845,8
23846,8
23847,8
23848,8
23849,8
23850,8
23851,8
23852,8
23853,8
23854,8
23855,8
23856,8
23857,8
23858,8
23859,8
23860,8
23861,8
23862,8
23863,8
23864,8
23865,8
23866,8
23867,8
23868,8
23869,8
23870,8
23871,8
23872,8
23873,8
23874,8
23875,8
23876,8
23877,8
23878,8
23879,8
23880,8
23881,8
23882,8
23883,8
23884,8
23885,8
23886,8
23887,8
23888,8
23889,8
23890,8
23891,8
23892,8
23893,8
23894,8
23895,8
23896,8
23897,8
23898,8
23899,8
23900,8
23901,8
23902,8
23903,8
23904,8
23905,8
23906,8
23907,8
23908,8
23909,8
23910,8
23911,8
23912,8
23913,8
23914,8
23915,8
23916,8
23917,8
23918,8
23919,8
23920,8
23921,8
23922,8
23923,8
23924,8
23925,8
23926,8
23927,8
23928,8
23929,8
23930,8
23931,8
23932,8
23933,8
23934,8
23935,8
23936,8
23937,8
23938,8
23939,8
23940,8
23941,8
23942,8
23943,8
23944,8
23945,8
23946,8
23947,8
23948,8
23949,8
23950,8
23951,8
23952,8
23953,8
23954,8
23955,8
23956,8
23957,8
23958,8
23959,8
23960,8
23961,8
23962,8
23963,8
23964,8
23965,8
23966,8
23967,8
23968,8
23969,8
23970,8
23971,8
23972,8
23973,8
23974,8
23975,8
23976,8
23977,8
23978,8
23979,8
23980,8
23981,8
23982,8
23983,8
23984,8
23985,8
23986,8
23987,8
23988,8
23989,8
23990,8
23991,8
23992,8
23993,8
23994,8
23995,8
23996,8
23997,8
23998,8
23999,8
24000,8
24001,8
24002,8
24003,8
24004,8
24005,8
24006,8
24007,8
24008,8
24009,8
24010,8
24011,8
24012,8
24013,8
24014,8
24015,8
24016,8
24017,8
24018,8
24019,8
24020,8
24021,8
24022,8
24023,8
24024,8
24025,8
24026,8
24027,8
24028,8
24029,8
24030,8
24031,8
24032,8
24033,8
24034,8
24035,8
24036,8
24037,8
24038,8
24039,8
24040,8
24041,8
24042,8
24043,8
24044,8
24045,8
24046,8
24047,8
24048,8
24049,8
24050,8
24051,8
24052,8
24053,8
24054,8
24055,8
24056,8
24057,8
24058,8
24059,8
24060,8
24061,8
24062,8
24063,8
24064,8
24065,8
24066,8
24067,8
24068,8
24069,8
24070,8
24071,8
24072,8
24073,8
24074,8
24075,8
24076,8
24077,8
24078,8
24079,8
24080,8
24081,8
24082,8
24083,8
24084,8
24085,8
24086,8
24087,8
24088,8
24089,8
24090,8
24091,8
24092,8
24093,8
24094,8
24095,8
24096,8
24097,8
24098,8
24099,8
24100,8
24101,8
24102,8
24103,8
24104,8
24105,8
24106,8
24107,8
24108,8
24109,8
24110,8
24111,8
24112,8
24113,8
24114,8
24115,8
24116,8
24117,8
24118,8
24119,8
24120,8
24121,8
24122,8
24123,8
24124,8
24125,8
24126,8
24127,8
24128,8
24129,8
24130,8
24131,8
24132,8
24133,8
24134,8
24135,8
24136,8
24137,8
24138,8
24139,8
24140,8
24141,8
24142,8
24143,8
24144,8
24145,8
24146,8
24147,8
24148,8
24149,8
24150,8
24151,8
24152,8
24153,8
24154,8
24155,8
24156,8
24157,8
24158,8
24159,8
24160,8
24161,8
24162,8
24163,8
24164,8
24165,8
24166,8
24167,8
24168,8
24169,8
24170,8
24171,8
24172,8
24173,8
24174,8
24175,8
24176,8
24177,8
24178,8
24179,8
24180,8
24181,8
24182,8
24183,8
24184,8
24185,8
24186,8
24187,8
24188,8
24189,8
24190,8
24191,8
24192,8
24193,8
24194,8
24195,8
24196,8
24197,8
24198,8
24199,8
24200,8
24201,8
24202,8
24203,8
24204,8
24205,8
24206,8
24207,8
24208,8
24209,8
24210,8
24211,8
24212,8
24213,8
24214,8
24215,8
24216,8
24217,8
24218,8
24219,8
24220,8
24221,8
24222,8
24223,8
24224,8
24225,8
24226,8
24227,8
24228,8
24229,8
24230,8
24231,8
24232,8
24233,8
24234,8
24235,8
24236,8
24237,8
24238,8
24239,8
24240,8
24241,8
24242,8
24243,8
24244,8
24245,8
24246,8
24247,8
24248,8
24249,8
24250,8
24251,8
24252,8
24253,8
24254,8
24255,8
24256,8
24257,8
24258,8
24259,8
24260,8
24261,8
24262,8
24263,8
24264,8
24265,8
24266,8
24267,8
24268,8
24269,8
24270,8
24271,8
24272,8
24273,8
24274,8
24275,8
24276,8
24277,8
24278,8
24279,8
24280,8
24281,8
24282,8
24283,8
24284,8
24285,8
24286,8
24287,8
24288,8
24289,8
24290,8
24291,8
24292,8
24293,8
24294,8
24295,8
24296,8
24297,8
24298,8
24299,8
24300,8
24301,8
24302,8
24303,8
24304,8
24305,8
24306,8
24307,8
24308,8
24309,8
24310,8
24311,8
24312,8
24313,8
24314,8
24315,8
24316,8
24317,8
24318,8
24319,8
24320,8
24321,8
24322,8
24323,8
24324,8
24325,8
24326,8
24327,8
24328,8
24329,8
24330,8
24331,8
24332,8
24333,8
24334,8
24335,8
24336,8
24337,8
24338,8
24339,8
24340,8
24341,8
24342,8
24343,8
24344,8
24345,8
24346,8
24347,8
24348,8
24349,8
24350,8
24351,8
24352,8
24353,8
24354,8
24355,8
24356,8
24357,8
24358,8
24359,8
24360,8
24361,8
24362,8
24363,8
24364,8
24365,8
24366,8
24367,8
24368,8
24369,8
24370,8
24371,8
24372,8
24373,8
24374,8
24375,8
24376,8
24377,8
24378,8
24379,8
24380,8
24381,8
24382,8
24383,8
24384,8
24385,8
24386,8
24387,8
24388,8
24389,8
24390,8
24391,8
24392,8
24393,8
24394,8
24395,8
24396,8
24397,8
24398,8
24399,8
24400,8
24401,8
24402,8
24403,8
24404,8
24405,8
24406,8
24407,8
24408,8
24409,8
24410,8
24411,8
24412,8
24413,8
24414,8
24415,8
24416,8
24417,8
24418,8
24419,8
24420,8
24421,8
24422,8
24423,8
24424,8
24425,8
24426,8
24427,8
24428,8
24429,8
24430,8
24431,8
24432,8
24433,8
24434,8
24435,8
24436,8
24437,8
24438,8
24439,8
24440,8
24441,8
24442,8
24443,8
24444,8
24445,8
24446,8
24447,8
24448,8
24449,8
24450,8
24451,8
24452,8
24453,8
24454,8
24455,8
24456,8
24457,8
24458,8
24459,8
24460,8
24461,8
24462,8
24463,8
24464,8
24465,8
24466,8
24467,8
24468,8
24469,8
24470,8
24471,8
24472,8
24473,8
24474,8
24475,8
24476,8
24477,8
24478,8
24479,8
24480,8
24481,8
24482,8
24483,8
24484,8
24485,8
24486,8
24487,8
24488,8
24489,8
24490,8
24491,8
24492,8
24493,8
24494,8
24495,8
24496,8
24497,8
24498,8
24499,8
24500,8
24501,8
24502,8
24503,8
24504,8
24505,8
24506,8
24507,8
24508,8
24509,8
24510,8
24511,8
24512,8
24513,8
24514,8
24515,8
24516,8
24517,8
24518,8
24519,8
24520,8
24521,8
24522,8
24523,8
24524,8
24525,8
24526,8
24527,8
24528,8
24529,8
24530,8
24531,8
24532,8
24533,8
24534,8
24535,8
24536,8
24537,8
24538,8
24539,8
24540,8
24541,8
24542,8
24543,8
24544,8
24545,8
24546,8
24547,8
24548,8
24549,8
24550,8
24551,8
24552,8
24553,8
24554,8
24555,8
24556,8
24557,8
24558,8
24559,8
24560,8
24561,8
24562,8
24563,8
24564,8
24565,8
24566,8
24567,8
24568,8
24569,8
24570,8
24571,8
24572,8
24573,8
24574,8
24575,8
24576,8
24577,8
24578,8
24579,8
24580,8
24581,8
24582,8
24583,8
24584,8
24585,8
24586,8
24587,8
24588,8
24589,8
24590,8
24591,8
24592,8
24593,8
24594,8
24595,8
24596,8
24597,8
24598,8
24599,8
24600,8
24601,8
24602,8
24603,8
24604,8
24605,8
24606,8
24607,8
24608,8
24609,8
24610,8
24611,8
24612,8
24613,8
24614,8
24615,8
24616,8
24617,8
24618,8
24619,8
24620,8
24621,8
24622,8
24623,8
24624,8
24625,8
24626,8
24627,8
24628,8
24629,8
24630,8
24631,8
24632,8
24633,8
24634,8
24635,8
24636,8
24637,8
24638,8
24639,8
24640,8
24641,8
24642,8
24643,8
24644,8
24645,8
24646,8
24647,8
24648,8
24649,8
24650,8
24651,8
24652,8
24653,8
24654,8
24655,8
24656,8
24657,8
24658,8
24659,8
24660,8
24661,8
24662,8
24663,8
24664,8
24665,8
24666,8
24667,8
24668,8
24669,8
24670,8
24671,8
24672,8
24673,8
24674,8
24675,8
24676,8
24677,8
24678,8
24679,8
24680,8
24681,8
24682,8
24683,8
24684,8
24685,8
24686,8
24687,8
24688,8
24689,8
24690,8
24691,8
24692,8
24693,8
24694,8
24695,8
24696,8
24697,8
24698,8
24699,8
24700,8
24701,8
24702,8
24703,8
24704,8
24705,8
24706,8
24707,8
24708,8
24709,8
24710,8
24711,8
24712,8
24713,8
24714,8
24715,8
24716,8
24717,8
24718,8
24719,8
24720,8
24721,8
24722,8
24723,8
24724,8
24725,8
24726,8
24727,8
24728,8
24729,8
24730,8
24731,8
24732,8
24733,8
24734,8
24735,8
24736,8
24737,8
24738,8
24739,8
24740,8
24741,8
24742,8
24743,8
24744,8
24745,8
24746,8
24747,8
24748,8
24749,8
24750,8
24751,8
24752,8
24753,8
24754,8
24755,8
24756,8
24757,8
24758,8
24759,8
24760,8
24761,8
24762,8
24763,8
24764,8
24765,8
24766,8
24767,8
24768,8
24769,8
24770,8
24771,8
24772,8
24773,8
24774,8
24775,8
24776,8
24777,8
24778,8
24779,8
24780,8
24781,8
24782,8
24783,8
24784,8
24785,8
24786,8
24787,8
24788,8
24789,8
24790,8
24791,8
24792,8
24793,8
24794,8
24795,8
24796,8
24797,8
24798,8
24799,8
24800,8
24801,8
24802,8
24803,8
24804,8
24805,8
24806,8
24807,8
24808,8
24809,8
24810,8
24811,8
24812,8
24813,8
24814,8
24815,8
24816,8
24817,8
24818,8
24819,8
24820,8
24821,8
24822,8
24823,8
24824,8
24825,8
24826,8
24827,8
24828,8
24829,8
24830,8
24831,8
24832,8
24833,8
24834,8
24835,8
24836,8
24837,8
24838,8
24839,8
24840,8
24841,8
24842,8
24843,8
24844,8
24845,8
24846,8
24847,8
24848,8
24849,8
24850,8
24851,8
24852,8
24853,8
24854,8
24855,8
24856,8
24857,8
24858,8
24859,8
24860,8
24861,8
24862,8
24863,8
24864,8
24865,8
24866,8
24867,8
24868,8
24869,8
24870,8
24871,8
24872,8
24873,8
24874,8
24875,8
24876,8
24877,8
24878,8
24879,8
24880,8
24881,8
24882,8
24883,8
24884,8
24885,8
24886,8
24887,8
24888,8
24889,8
24890,8
24891,8
24892,8
24893,8
24894,8
24895,8
24896,8
24897,8
24898,8
24899,8
24900,8
24901,8
24902,8
24903,8
24904,8
24905,8
24906,8
24907,8
24908,8
24909,8
24910,8
24911,8
24912,8
24913,8
24914,8
24915,8
24916,8
24917,8
24918,8
24919,8
24920,8
24921,8
24922,8
24923,8
24924,8
24925,8
24926,8
24927,8
24928,8
24929,8
24930,8
24931,8
24932,8
24933,8
24934,8
24935,8
24936,8
24937,8
24938,8
24939,8
24940,8
24941,8
24942,8
24943,8
24944,8
24945,8
24946,8
24947,8
24948,8
24949,8
24950,8
24951,8
24952,8
24953,8
24954,8
24955,8
24956,8
24957,8
24958,8
24959,8
24960,8
24961,8
24962,8
24963,8
24964,8
24965,8
24966,8
24967,8
24968,8
24969,8
24970,8
24971,8
24972,8
24973,8
24974,8
24975,8
24976,8
24977,8
24978,8
24979,8
24980,8
24981,8
24982,8
24983,8
24984,8
24985,8
24986,8
24987,8
24988,8
24989,8
24990,8
24991,8
24992,8
24993,8
24994,8
24995,8
24996,8
24997,8
24998,8
24999,8
25000,8
25001,8
25002,8
25003,8
25004,8
25005,8
25006,8
25007,8
25008,8
25009,8
25010,8
25011,8
25012,8
25013,8
25014,8
25015,8
25016,8
25017,8
25018,8
25019,8
25020,8
25021,8
25022,8
25023,8
25024,8
25025,8
25026,8
25027,8
25028,8
25029,8
25030,8
25031,8
25032,8
25033,8
25034,8
25035,8
25036,8
25037,8
25038,8
25039,8
25040,8
25041,8
25042,8
25043,8
25044,8
25045,8
25046,8
25047,8
25048,8
25049,8
25050,8
25051,8
25052,8
25053,8
25054,8
25055,8
25056,8
25057,8
25058,8
25059,8
25060,8
25061,8
25062,8
25063,8
25064,8
25065,8
25066,8
25067,8
25068,8
25069,8
25070,8
25071,8
25072,8
25073,8
25074,8
25075,8
25076,8
25077,8
25078,8
25079,8
25080,8
25081,8
25082,8
25083,8
25084,8
25085,8
25086,8
25087,8
25088,8
25089,8
25090,8
25091,8
25092,8
25093,8
25094,8
25095,8
25096,8
25097,8
25098,8
25099,8
25100,8
25101,8
25102,8
25103,8
25104,8
25105,8
25106,8
25107,8
25108,8
25109,8
25110,8
25111,8
25112,8
25113,8
25114,8
25115,8
25116,8
25117,8
25118,8
25119,8
25120,8
25121,8
25122,8
25123,8
25124,8
25125,8
25126,8
25127,8
25128,8
25129,8
25130,8
25131,8
25132,8
25133,8
25134,8
25135,8
25136,8
25137,8
25138,8
25139,8
25140,8
25141,8
25142,8
25143,8
25144,8
25145,8
25146,8
25147,8
25148,8
25149,8
25150,8
25151,8
25152,8
25153,8
25154,8
25155,8
25156,8
25157,8
25158,8
25159,8
25160,8
25161,8
25162,8
25163,8
25164,8
25165,8
25166,8
25167,8
25168,8
25169,8
25170,8
25171,8
25172,8
25173,8
25174,8
25175,8
25176,8
25177,8
25178,8
25179,8
25180,8
25181,8
25182,8
25183,8
25184,8
25185,8
25186,8
25187,8
25188,8
25189,8
25190,8
25191,8
25192,8
25193,8
25194,8
25195,8
25196,8
25197,8
25198,8
25199,8
25200,8
25201,8
25202,8
25203,8
25204,8
25205,8
25206,8
25207,8
25208,8
25209,8
25210,8
25211,8
25212,8
25213,8
25214,8
25215,8
25216,8
25217,8
25218,8
25219,8
25220,8
25221,8
25222,8
25223,8
25224,8
25225,8
25226,8
25227,8
25228,8
25229,8
25230,8
25231,8
25232,8
25233,8
25234,8
25235,8
25236,8
25237,8
25238,8
25239,8
25240,8
25241,8
25242,8
25243,8
25244,8
25245,8
25246,8
25247,8
25248,8
25249,8
25250,8
25251,8
25252,8
25253,8
25254,8
25255,8
25256,8
25257,8
25258,8
25259,8
25260,8
25261,8
25262,8
25263,8
25264,8
25265,8
25266,8
25267,8
25268,8
25269,8
25270,8
25271,8
25272,8
25273,8
25274,8
25275,8
25276,8
25277,8
25278,8
25279,8
25280,8
25281,8
25282,8
25283,8
25284,8
25285,8
25286,8
25287,8
25288,8
25289,8
25290,8
25291,8
25292,8
25293,8
25294,8
25295,8
25296,8
25297,8
25298,8
25299,8
25300,8
25301,8
25302,8
25303,8
25304,8
25305,8
25306,8
25307,8
25308,8
25309,8
25310,8
25311,8
25312,8
25313,8
25314,8
25315,8
25316,8
25317,8
25318,8
25319,8
25320,8
25321,8
25322,8
25323,8
25324,8
25325,8
25326,8
25327,8
25328,8
25329,8
25330,8
25331,8
25332,8
25333,8
25334,8
25335,8
25336,8
25337,8
25338,8
25339,8
25340,8
25341,8
25342,8
25343,8
25344,8
25345,8
25346,8
25347,8
25348,8
25349,8
25350,8
25351,8
25352,8
25353,8
25354,8
25355,8
25356,8
25357,8
25358,8
25359,8
25360,8
25361,8
25362,8
25363,8
25364,8
25365,8
25366,8
25367,8
25368,8
25369,8
25370,8
25371,8
25372,8
25373,8
25374,8
25375,8
25376,8
25377,8
25378,8
25379,8
25380,8
25381,8
25382,8
25383,8
25384,8
25385,8
25386,8
25387,8
25388,8
25389,8
25390,8
25391,8
25392,8
25393,8
25394,8
25395,8
25396,8
25397,8
25398,8
25399,8
25400,8
25401,8
25402,8
25403,8
25404,8
25405,8
25406,8
25407,8
25408,8
25409,8
25410,8
25411,8
25412,8
25413,8
25414,8
25415,8
25416,8
25417,8
25418,8
25419,8
25420,8
25421,8
25422,8
25423,8
25424,8
25425,8
25426,8
25427,8
25428,8
25429,8
25430,8
25431,8
25432,8
25433,8
25434,8
25435,8
25436,8
25437,8
25438,8
25439,8
25440,8
25441,8
25442,8
25443,8
25444,8
25445,8
25446,8
25447,8
25448,8
25449,8
25450,8
25451,8
25452,8
25453,8
25454,8
25455,8
25456,8
25457,8
25458,8
25459,8
25460,8
25461,8
25462,8
25463,8
25464,8
25465,8
25466,8
25467,8
25468,8
25469,8
25470,8
25471,8
25472,8
25473,8
25474,8
25475,8
25476,8
25477,8
25478,8
25479,8
25480,8
25481,8
25482,8
25483,8
25484,8
25485,8
25486,8
25487,8
25488,8
25489,8
25490,8
25491,8
25492,8
25493,8
25494,8
25495,8
25496,8
25497,8
25498,8
25499,8
25500,8
25501,8
25502,8
25503,8
25504,8
25505,8
25506,8
25507,8
25508,8
25509,8
25510,8
25511,8
25512,8
25513,8
25514,8
25515,8
25516,8
25517,8
25518,8
25519,8
25520,8
25521,8
25522,8
25523,8
25524,8
25525,8
25526,8
25527,8
25528,8
25529,8
25530,8
25531,8
25532,8
25533,8
25534,8
25535,8
25536,8
25537,8
25538,8
25539,8
25540,8
25541,8
25542,8
25543,8
25544,8
25545,8
25546,8
25547,8
25548,8
25549,8
25550,8
25551,8
25552,8
25553,8
25554,8
25555,8
25556,8
25557,8
25558,8
25559,8
25560,8
25561,8
25562,8
25563,8
25564,8
25565,8
25566,8
25567,8
25568,8
25569,8
25570,8
25571,8
25572,8
25573,8
25574,8
25575,8
25576,8
25577,8
25578,8
25579,8
25580,8
25581,8
25582,8
25583,8
25584,8
25585,8
25586,8
25587,8
25588,8
25589,8
25590,8
25591,8
25592,8
25593,8
25594,8
25595,8
25596,8
25597,8
25598,8
25599,8
25600,8
25601,8
25602,8
25603,8
25604,8
25605,8
25606,8
25607,8
25608,8
25609,8
25610,8
25611,8
25612,8
25613,8
25614,8
25615,8
25616,8
25617,8
25618,8
25619,8
25620,8
25621,8
25622,8
25623,8
25624,8
25625,8
25626,8
25627,8
25628,8
25629,8
25630,8
25631,8
25632,8
25633,8
25634,8
25635,8
25636,8
25637,8
25638,8
25639,8
25640,8
25641,8
25642,8
25643,8
25644,8
25645,8
25646,8
25647,8
25648,8
25649,8
25650,8
25651,8
25652,8
25653,8
25654,8
25655,8
25656,8
25657,8
25658,8
25659,8
25660,8
25661,8
25662,8
25663,8
25664,8
25665,8
25666,8
25667,8
25668,8
25669,8
25670,8
25671,8
25672,8
25673,8
25674,8
25675,8
25676,8
25677,8
25678,8
25679,8
25680,8
25681,8
25682,8
25683,8
25684,8
25685,8
25686,8
25687,8
25688,8
25689,8
25690,8
25691,8
25692,8
25693,8
25694,8
25695,8
25696,8
25697,8
25698,8
25699,8
25700,8
25701,8
25702,8
25703,8
25704,8
25705,8
25706,8
25707,8
25708,8
25709,8
25710,8
25711,8
25712,8
25713,8
25714,8
25715,8
25716,8
25717,8
25718,8
25719,8
25720,8
25721,8
25722,8
25723,8
25724,8
25725,8
25726,8
25727,8
25728,8
25729,8
25730,8
25731,8
25732,8
25733,8
25734,8
25735,8
25736,8
25737,8
25738,8
25739,8
25740,8
25741,8
25742,8
25743,8
25744,8
25745,8
25746,8
25747,8
25748,8
25749,8
25750,8
25751,8
25752,8
25753,8
25754,8
25755,8
25756,8
25757,8
25758,8
25759,8
25760,8
25761,8
25762,8
25763,8
25764,8
25765,8
25766,8
25767,8
25768,8
25769,8
25770,8
25771,8
25772,8
25773,8
25774,8
25775,8
25776,8
25777,8
25778,8
25779,8
25780,8
25781,8
25782,8
25783,8
25784,8
25785,8
25786,8
25787,8
25788,8
25789,8
25790,8
25791,8
25792,8
25793,8
25794,8
25795,8
25796,8
25797,8
25798,8
25799,8
25800,8
25801,8
25802,8
25803,8
25804,8
25805,8
25806,8
25807,8
25808,8
25809,8
25810,8
25811,8
25812,8
25813,8
25814,8
25815,8
25816,8
25817,8
25818,8
25819,8
25820,8
25821,8
25822,8
25823,8
25824,8
25825,8
25826,8
25827,8
25828,8
25829,8
25830,8
25831,8
25832,8
25833,8
25834,8
25835,8
25836,8
25837,8
25838,8
25839,8
25840,8
25841,8
25842,8
25843,8
25844,8
25845,8
25846,8
25847,8
25848,8
25849,8
25850,8
25851,8
25852,8
25853,8
25854,8
25855,8
25856,8
25857,8
25858,8
25859,8
25860,8
25861,8
25862,8
25863,8
25864,8
25865,8
25866,8
25867,8
25868,8
25869,8
25870,8
25871,8
25872,8
25873,8
25874,8
25875,8
25876,8
25877,8
25878,8
25879,8
25880,8
25881,8
25882,8
25883,8
25884,8
25885,8
25886,8
25887,8
25888,8
25889,8
25890,8
25891,8
25892,8
25893,8
25894,8
25895,8
25896,8
25897,8
25898,8
25899,8
25900,8
25901,8
25902,8
25903,8
25904,8
25905,8
25906,8
25907,8
25908,8
25909,8
25910,8
25911,8
25912,8
25913,8
25914,8
25915,8
25916,8
25917,8
25918,8
25919,8
25920,8
25921,8
25922,8
25923,8
25924,8
25925,8
25926,8
25927,8
25928,8
25929,8
25930,8
25931,8
25932,8
25933,8
25934,8
25935,8
25936,8
25937,8
25938,8
25939,8
25940,8
25941,8
25942,8
25943,8
25944,8
25945,8
25946,8
25947,8
25948,8
25949,8
25950,8
25951,8
25952,8
25953,8
25954,8
25955,8
25956,8
25957,8
25958,8
25959,8
25960,8
25961,8
25962,8
25963,8
25964,8
25965,8
25966,8
25967,8
25968,8
25969,8
25970,8
25971,8
25972,8
25973,8
25974,8
25975,8
25976,8
25977,8
25978,8
25979,8
25980,8
25981,8
25982,8
25983,8
25984,8
25985,8
25986,8
25987,8
25988,8
25989,8
25990,8
25991,8
25992,8
25993,8
25994,8
25995,8
25996,8
25997,8
25998,8
25999,8
26000,8
26001,8
26002,8
26003,8
26004,8
26005,8
26006,8
26007,8
26008,8
26009,8
26010,8
26011,8
26012,8
26013,8
26014,8
26015,8
26016,8
26017,8
26018,8
26019,8
26020,8
26021,8
26022,8
26023,8
26024,8
26025,8
26026,8
26027,8
26028,8
26029,8
26030,8
26031,8
26032,8
26033,8
26034,8
26035,8
26036,8
26037,8
26038,8
26039,8
26040,8
26041,8
26042,8
26043,8
26044,8
26045,8
26046,8
26047,8
26048,8
26049,8
26050,8
26051,8
26052,8
26053,8
26054,8
26055,8
26056,8
26057,8
26058,8
26059,8
26060,8
26061,8
26062,8
26063,8
26064,8
26065,8
26066,8
26067,8
26068,8
26069,8
26070,8
26071,8
26072,8
26073,8
26074,8
26075,8
26076,8
26077,8
26078,8
26079,8
26080,8
26081,8
26082,8
26083,8
26084,8
26085,8
26086,8
26087,8
26088,8
26089,8
26090,8
26091,8
26092,8
26093,8
26094,8
26095,8
26096,8
26097,8
26098,8
26099,8
26100,8
26101,8
26102,8
26103,8
26104,8
26105,8
26106,8
26107,8
26108,8
26109,8
26110,8
26111,8
26112,8
26113,8
26114,8
26115,8
26116,8
26117,8
26118,8
26119,8
26120,8
26121,8
26122,8
26123,8
26124,8
26125,8
26126,8
26127,8
26128,8
26129,8
26130,8
26131,8
26132,8
26133,8
26134,8
26135,8
26136,8
26137,8
26138,8
26139,8
26140,8
26141,8
26142,8
26143,8
26144,8
26145,8
26146,8
26147,8
26148,8
26149,8
26150,8
26151,8
26152,8
26153,8
26154,8
26155,8
26156,8
26157,8
26158,8
26159,8
26160,8
26161,8
26162,8
26163,8
26164,8
26165,8
26166,8
26167,8
26168,8
26169,8
26170,8
26171,8
26172,8
26173,8
26174,8
26175,8
26176,8
26177,8
26178,8
26179,8
26180,8
26181,8
26182,8
26183,8
26184,8
26185,8
26186,8
26187,8
26188,8
26189,8
26190,8
26191,8
26192,8
26193,8
26194,8
26195,8
26196,8
26197,8
26198,8
26199,8
26200,8
26201,8
26202,8
26203,8
26204,8
26205,8
26206,8
26207,8
26208,8
26209,8
26210,8
26211,8
26212,8
26213,8
26214,8
26215,8
26216,8
26217,8
26218,8
26219,8
26220,8
26221,8
26222,8
26223,8
26224,8
26225,8
26226,8
26227,8
26228,8
26229,8
26230,8
26231,8
26232,8
26233,8
26234,8
26235,8
26236,8
26237,8
26238,8
26239,8
26240,8
26241,8
26242,8
26243,8
26244,8
26245,8
26246,8
26247,8
26248,8
26249,8
26250,8
26251,8
26252,8
26253,8
26254,8
26255,8
26256,8
26257,8
26258,8
26259,8
26260,8
26261,8
26262,8
26263,8
26264,8
26265,8
26266,8
26267,8
26268,8
26269,8
26270,8
26271,8
26272,8
26273,8
26274,8
26275,8
26276,8
26277,8
26278,8
26279,8
26280,8
26281,8
26282,8
26283,8
26284,8
26285,8
26286,8
26287,8
26288,8
26289,8
26290,8
26291,8
26292,8
26293,8
26294,8
26295,8
26296,8
26297,8
26298,8
26299,8
26300,8
26301,8
26302,8
26303,8
26304,8
26305,8
26306,8
26307,8
26308,8
26309,8
26310,8
26311,8
26312,8
26313,8
26314,8
26315,8
26316,8
26317,8
26318,8
26319,8
26320,8
26321,8
26322,8
26323,8
26324,8
26325,8
26326,8
26327,8
26328,8
26329,8
26330,8
26331,8
26332,8
26333,8
26334,8
26335,8
26336,8
26337,8
26338,8
26339,8
26340,8
26341,8
26342,8
26343,8
26344,8
26345,8
26346,8
26347,8
26348,8
26349,8
26350,8
26351,8
26352,8
26353,8
26354,8
26355,8
26356,8
26357,8
26358,8
26359,8
26360,8
26361,8
26362,8
26363,8
26364,8
26365,8
26366,8
26367,8
26368,8
26369,8
26370,8
26371,8
26372,8
26373,8
26374,8
26375,8
26376,8
26377,8
26378,8
26379,8
26380,8
26381,8
26382,8
26383,8
26384,8
26385,8
26386,8
26387,8
26388,8
26389,8
26390,8
26391,8
26392,8
26393,8
26394,8
26395,8
26396,8
26397,8
26398,8
26399,8
26400,8
26401,8
26402,8
26403,8
26404,8
26405,8
26406,8
26407,8
26408,8
26409,8
26410,8
26411,8
26412,8
26413,8
26414,8
26415,8
26416,8
26417,8
26418,8
26419,8
26420,8
26421,8
26422,8
26423,8
26424,8
26425,8
26426,8
26427,8
26428,8
26429,8
26430,8
26431,8
26432,8
26433,8
26434,8
26435,8
26436,8
26437,8
26438,8
26439,8
26440,8
26441,8
26442,8
26443,8
26444,8
26445,8
26446,8
26447,8
26448,8
26449,8
26450,8
26451,8
26452,8
26453,8
26454,8
26455,8
26456,8
26457,8
26458,8
26459,8
26460,8
26461,8
26462,8
26463,8
26464,8
26465,8
26466,8
26467,8
26468,8
26469,8
26470,8
26471,8
26472,8
26473,8
26474,8
26475,8
26476,8
26477,8
26478,8
26479,8
26480,8
26481,8
26482,8
26483,8
26484,8
26485,8
26486,8
26487,8
26488,8
26489,8
26490,8
26491,8
26492,8
26493,8
26494,8
26495,8
26496,8
26497,8
26498,8
26499,8
26500,8
26501,8
26502,8
26503,8
26504,8
26505,8
26506,8
26507,8
26508,8
26509,8
26510,8
26511,8
26512,8
26513,8
26514,8
26515,8
26516,8
26517,8
26518,8
26519,8
26520,8
26521,8
26522,8
26523,8
26524,8
26525,8
26526,8
26527,8
26528,8
26529,8
26530,8
26531,8
26532,8
26533,8
26534,8
26535,8
26536,8
26537,8
26538,8
26539,8
26540,8
26541,8
26542,8
26543,8
26544,8
26545,8
26546,8
26547,8
26548,8
26549,8
26550,8
26551,8
26552,8
26553,8
26554,8
26555,8
26556,8
26557,8
26558,8
26559,8
26560,8
26561,8
26562,8
26563,8
26564,8
26565,8
26566,8
26567,8
26568,8
26569,8
26570,8
26571,8
26572,8
26573,8
26574,8
26575,8
26576,8
26577,8
26578,8
26579,8
26580,8
26581,8
26582,8
26583,8
26584,8
26585,8
26586,8
26587,8
26588,8
26589,8
26590,8
26591,8
26592,8
26593,8
26594,8
26595,8
26596,8
26597,8
26598,8
26599,8
26600,8
26601,8
26602,8
26603,8
26604,8
26605,8
26606,8
26607,8
26608,8
26609,8
26610,8
26611,8
26612,8
26613,8
26614,8
26615,8
26616,8
26617,8
26618,8
26619,8
26620,8
26621,8
26622,8
26623,8
26624,8
26625,8
26626,8
26627,8
26628,8
26629,8
26630,8
26631,8
26632,8
26633,8
26634,8
26635,8
26636,8
26637,8
26638,8
26639,8
26640,8
26641,8
26642,8
26643,8
26644,8
26645,8
26646,8
26647,8
26648,8
26649,8
26650,8
26651,8
26652,8
26653,8
26654,8
26655,8
26656,8
26657,8
26658,8
26659,8
26660,8
26661,8
26662,8
26663,8
26664,8
26665,8
26666,8
26667,8
26668,8
26669,8
26670,8
26671,8
26672,8
26673,8
26674,8
26675,8
26676,8
26677,8
26678,8
26679,8
26680,8
26681,8
26682,8
26683,8
26684,8
26685,8
26686,8
26687,8
26688,8
26689,8
26690,8
26691,8
26692,8
26693,8
26694,8
26695,8
26696,8
26697,8
26698,8
26699,8
26700,8
26701,8
26702,8
26703,8
26704,8
26705,8
26706,8
26707,8
26708,8
26709,8
26710,8
26711,8
26712,8
26713,8
26714,8
26715,8
26716,8
26717,8
26718,8
26719,8
26720,8
26721,8
26722,8
26723,8
26724,8
26725,8
26726,8
26727,8
26728,8
26729,8
26730,8
26731,8
26732,8
26733,8
26734,8
26735,8
26736,8
26737,8
26738,8
26739,8
26740,8
26741,8
26742,8
26743,8
26744,8
26745,8
26746,8
26747,8
26748,8
26749,8
26750,8
26751,8
26752,8
26753,8
26754,8
26755,8
26756,8
26757,8
26758,8
26759,8
26760,8
26761,8
26762,8
26763,8
26764,8
26765,8
26766,8
26767,8
26768,8
26769,8
26770,8
26771,8
26772,8
26773,8
26774,8
26775,8
26776,8
26777,8
26778,8
26779,8
26780,8
26781,8
26782,8
26783,8
26784,8
26785,8
26786,8
26787,8
26788,8
26789,8
26790,8
26791,8
26792,8
26793,8
26794,8
26795,8
26796,8
26797,8
26798,8
26799,8
26800,8
26801,8
26802,8
26803,8
26804,8
26805,8
26806,8
26807,8
26808,8
26809,8
26810,8
26811,8
26812,8
26813,8
26814,8
26815,8
26816,8
26817,8
26818,8
26819,8
26820,8
26821,8
26822,8
26823,8
26824,8
26825,8
26826,8
26827,8
26828,8
26829,8
26830,8
26831,8
26832,8
26833,8
26834,8
26835,8
26836,8
26837,8
26838,8
26839,8
26840,8
26841,8
26842,8
26843,8
26844,8
26845,8
26846,8
26847,8
26848,8
26849,8
26850,8
26851,8
26852,8
26853,8
26854,8
26855,8
26856,8
26857,8
26858,8
26859,8
26860,8
26861,8
26862,8
26863,8
26864,8
26865,8
26866,8
26867,8
26868,8
26869,8
26870,8
26871,8
26872,8
26873,8
26874,8
26875,8
26876,8
26877,8
26878,8
26879,8
26880,8
26881,8
26882,8
26883,8
26884,8
26885,8
26886,8
26887,8
26888,8
26889,8
26890,8
26891,8
26892,8
26893,8
26894,8
26895,8
26896,8
26897,8
26898,8
26899,8
26900,8
26901,8
26902,8
26903,8
26904,8
26905,8
26906,8
26907,8
26908,8
26909,8
26910,8
26911,8
26912,8
26913,8
26914,8
26915,8
26916,8
26917,8
26918,8
26919,8
26920,8
26921,8
26922,8
26923,8
26924,8
26925,8
26926,8
26927,8
26928,8
26929,8
26930,8
26931,8
26932,8
26933,8
26934,8
26935,8
26936,8
26937,8
26938,8
26939,8
26940,8
26941,8
26942,8
26943,8
26944,8
26945,8
26946,8
26947,8
26948,8
26949,8
26950,8
26951,8
26952,8
26953,8
26954,8
26955,8
26956,8
26957,8
26958,8
26959,8
26960,8
26961,8
26962,8
26963,8
26964,8
26965,8
26966,8
26967,8
26968,8
26969,8
26970,8
26971,8
26972,8
26973,8
26974,8
26975,8
26976,8
26977,8
26978,8
26979,8
26980,8
26981,8
26982,8
26983,8
26984,8
26985,8
26986,8
26987,8
26988,8
26989,8
26990,8
26991,8
26992,8
26993,8
26994,8
26995,8
26996,8
26997,8
26998,8
26999,8
27000,8
27001,8
27002,8
27003,8
27004,8
27005,8
27006,8
27007,8
27008,8
27009,8
27010,8
27011,8
27012,8
27013,8
27014,8
27015,8
27016,8
27017,8
27018,8
27019,8
27020,8
27021,8
27022,8
27023,8
27024,8
27025,8
27026,8
27027,8
27028,8
27029,8
27030,8
27031,8
27032,8
27033,8
27034,8
27035,8
27036,8
27037,8
27038,8
27039,8
27040,8
27041,8
27042,8
27043,8
27044,8
27045,8
27046,8
27047,8
27048,8
27049,8
27050,8
27051,8
27052,8
27053,8
27054,8
27055,8
27056,8
27057,8
27058,8
27059,8
27060,8
27061,8
27062,8
27063,8
27064,8
27065,8
27066,8
27067,8
27068,8
27069,8
27070,8
27071,8
27072,8
27073,8
27074,8
27075,8
27076,8
27077,8
27078,8
27079,8
27080,8
27081,8
27082,8
27083,8
27084,8
27085,8
27086,8
27087,8
27088,8
27089,8
27090,8
27091,8
27092,8
27093,8
27094,8
27095,8
27096,8
27097,8
27098,8
27099,8
27100,8
27101,8
27102,8
27103,8
27104,8
27105,8
27106,8
27107,8
27108,8
27109,8
27110,8
27111,8
27112,8
27113,8
27114,8
27115,8
27116,8
27117,8
27118,8
27119,8
27120,8
27121,8
27122,8
27123,8
27124,8
27125,8
27126,8
27127,8
27128,8
27129,8
27130,8
27131,8
27132,8
27133,8
27134,8
27135,8
27136,8
27137,8
27138,8
27139,8
27140,8
27141,8
27142,8
27143,8
27144,8
27145,8
27146,8
27147,8
27148,8
27149,8
27150,8
27151,8
27152,8
27153,8
27154,8
27155,8
27156,8
27157,8
27158,8
27159,8
27160,8
27161,8
27162,8
27163,8
27164,8
27165,8
27166,8
27167,8
27168,8
27169,8
27170,8
27171,8
27172,8
27173,8
27174,8
27175,8
27176,8
27177,8
27178,8
27179,8
27180,8
27181,8
27182,8
27183,8
27184,8
27185,8
27186,8
27187,8
27188,8
27189,8
27190,8
27191,8
27192,8
27193,8
27194,8
27195,8
27196,8
27197,8
27198,8
27199,8
27200,8
27201,8
27202,8
27203,8
27204,8
27205,8
27206,8
27207,8
27208,8
27209,8
27210,8
27211,8
27212,8
27213,8
27214,8
27215,8
27216,8
27217,8
27218,8
27219,8
27220,8
27221,8
27222,8
27223,8
27224,8
27225,8
27226,8
27227,8
27228,8
27229,8
27230,8
27231,8
27232,8
27233,8
27234,8
27235,8
27236,8
27237,8
27238,8
27239,8
27240,8
27241,8
27242,8
27243,8
27244,8
27245,8
27246,8
27247,8
27248,8
27249,8
27250,8
27251,8
27252,8
27253,8
27254,8
27255,8
27256,8
27257,8
27258,8
27259,8
27260,8
27261,8
27262,8
27263,8
27264,8
27265,8
27266,8
27267,8
27268,8
27269,8
27270,8
27271,8
27272,8
27273,8
27274,8
27275,8
27276,8
27277,8
27278,8
27279,8
27280,8
27281,8
27282,8
27283,8
27284,8
27285,8
27286,8
27287,8
27288,8
27289,8
27290,8
27291,8
27292,8
27293,8
27294,8
27295,8
27296,8
27297,8
27298,8
27299,8
27300,8
27301,8
27302,8
27303,8
27304,8
27305,8
27306,8
27307,8
27308,8
27309,8
27310,8
27311,8
27312,8
27313,8
27314,8
27315,8
27316,8
27317,8
27318,8
27319,8
27320,8
27321,8
27322,8
27323,8
27324,8
27325,8
27326,8
27327,8
27328,8
27329,8
27330,8
27331,8
27332,8
27333,8
27334,8
27335,8
27336,8
27337,8
27338,8
27339,8
27340,8
27341,8
27342,8
27343,8
27344,8
27345,8
27346,8
27347,8
27348,8
27349,8
27350,8
27351,8
27352,8
27353,8
27354,8
27355,8
27356,8
27357,8
27358,8
27359,8
27360,8
27361,8
27362,8
27363,8
27364,8
27365,8
27366,8
27367,8
27368,8
27369,8
27370,8
27371,8
27372,8
27373,8
27374,8
27375,8
27376,8
27377,8
27378,8
27379,8
27380,8
27381,8
27382,8
27383,8
27384,8
27385,8
27386,8
27387,8
27388,8
27389,8
27390,8
27391,8
27392,8
27393,8
27394,8
27395,8
27396,8
27397,8
27398,8
27399,8
27400,8
27401,8
27402,8
27403,8
27404,8
27405,8
27406,8
27407,8
27408,8
27409,8
27410,8
27411,8
27412,8
27413,8
27414,8
27415,8
27416,8
27417,8
27418,8
27419,8
27420,8
27421,8
27422,8
27423,8
27424,8
27425,8
27426,8
27427,8
27428,8
27429,8
27430,8
27431,8
27432,8
27433,8
27434,8
27435,8
27436,8
27437,8
27438,8
27439,8
27440,8
27441,8
27442,8
27443,8
27444,8
27445,8
27446,8
27447,8
27448,8
27449,8
27450,8
27451,8
27452,8
27453,8
27454,8
27455,8
27456,8
27457,8
27458,8
27459,8
27460,8
27461,8
27462,8
27463,8
27464,8
27465,8
27466,8
27467,8
27468,8
27469,8
27470,8
27471,8
27472,8
27473,8
27474,8
27475,8
27476,8
27477,8
27478,8
27479,8
27480,8
27481,8
27482,8
27483,8
27484,8
27485,8
27486,8
27487,8
27488,8
27489,8
27490,8
27491,8
27492,8
27493,8
27494,8
27495,8
27496,8
27497,8
27498,8
27499,8
27500,8
27501,8
27502,8
27503,8
27504,8
27505,8
27506,8
27507,8
27508,8
27509,8
27510,8
27511,8
27512,8
27513,8
27514,8
27515,8
27516,8
27517,8
27518,8
27519,8
27520,8
27521,8
27522,8
27523,8
27524,8
27525,8
27526,8
27527,8
27528,8
27529,8
27530,8
27531,8
27532,8
27533,8
27534,8
27535,8
27536,8
27537,8
27538,8
27539,8
27540,8
27541,8
27542,8
27543,8
27544,8
27545,8
27546,8
27547,8
27548,8
27549,8
27550,8
27551,8
27552,8
27553,8
27554,8
27555,8
27556,8
27557,8
27558,8
27559,8
27560,8
27561,8
27562,8
27563,8
27564,8
27565,8
27566,8
27567,8
27568,8
27569,8
27570,8
27571,8
27572,8
27573,8
27574,8
27575,8
27576,8
27577,8
27578,8
27579,8
27580,8
27581,8
27582,8
27583,8
27584,8
27585,8
27586,8
27587,8
27588,8
27589,8
27590,8
27591,8
27592,8
27593,8
27594,8
27595,8
27596,8
27597,8
27598,8
27599,8
27600,8
27601,8
27602,8
27603,8
27604,8
27605,8
27606,8
27607,8
27608,8
27609,8
27610,8
27611,8
27612,8
27613,8
27614,8
27615,8
27616,8
27617,8
27618,8
27619,8
27620,8
27621,8
27622,8
27623,8
27624,8
27625,8
27626,8
27627,8
27628,8
27629,8
27630,8
27631,8
27632,8
27633,8
27634,8
27635,8
27636,8
27637,8
27638,8
27639,8
27640,8
27641,8
27642,8
27643,8
27644,8
27645,8
27646,8
27647,8
27648,8
27649,8
27650,8
27651,8
27652,8
27653,8
27654,8
27655,8
27656,8
27657,8
27658,8
27659,8
27660,8
27661,8
27662,8
27663,8
27664,8
27665,8
27666,8
27667,8
27668,8
27669,8
27670,8
27671,8
27672,8
27673,8
27674,8
27675,8
27676,8
27677,8
27678,8
27679,8
27680,8
27681,8
27682,8
27683,8
27684,8
27685,8
27686,8
27687,8
27688,8
27689,8
27690,8
27691,8
27692,8
27693,8
27694,8
27695,8
27696,8
27697,8
27698,8
27699,8
27700,8
27701,8
27702,8
27703,8
27704,8
27705,8
27706,8
27707,8
27708,8
27709,8
27710,8
27711,8
27712,8
27713,8
27714,8
27715,8
27716,8
27717,8
27718,8
27719,8
27720,8
27721,8
27722,8
27723,8
27724,8
27725,8
27726,8
27727,8
27728,8
27729,8
27730,8
27731,8
27732,8
27733,8
27734,8
27735,8
27736,8
27737,8
27738,8
27739,8
27740,8
27741,8
27742,8
27743,8
27744,8
27745,8
27746,8
27747,8
27748,8
27749,8
27750,8
27751,8
27752,8
27753,8
27754,8
27755,8
27756,8
27757,8
27758,8
27759,8
27760,8
27761,8
27762,8
27763,8
27764,8
27765,8
27766,8
27767,8
27768,8
27769,8
27770,8
27771,8
27772,8
27773,8
27774,8
27775,8
27776,8
27777,8
27778,8
27779,8
27780,8
27781,8
27782,8
27783,8
27784,8
27785,8
27786,8
27787,8
27788,8
27789,8
27790,8
27791,8
27792,8
27793,8
27794,8
27795,8
27796,8
27797,8
27798,8
27799,8
27800,8
27801,8
27802,8
27803,8
27804,8
27805,8
27806,8
27807,8
27808,8
27809,8
27810,8
27811,8
27812,8
27813,8
27814,8
27815,8
27816,8
27817,8
27818,8
27819,8
27820,8
27821,8
27822,8
27823,8
27824,8
27825,8
27826,8
27827,8
27828,8
27829,8
27830,8
27831,8
27832,8
27833,8
27834,8
27835,8
27836,8
27837,8
27838,8
27839,8
27840,8
27841,8
27842,8
27843,8
27844,8
27845,8
27846,8
27847,8
27848,8
27849,8
27850,8
27851,8
27852,8
27853,8
27854,8
27855,8
27856,8
27857,8
27858,8
27859,8
27860,8
27861,8
27862,8
27863,8
27864,8
27865,8
27866,8
27867,8
27868,8
27869,8
27870,8
27871,8
27872,8
27873,8
27874,8
27875,8
27876,8
27877,8
27878,8
27879,8
27880,8
27881,8
27882,8
27883,8
27884,8
27885,8
27886,8
27887,8
27888,8
27889,8
27890,8
27891,8
27892,8
27893,8
27894,8
27895,8
27896,8
27897,8
27898,8
27899,8
27900,8
27901,8
27902,8
27903,8
27904,8
27905,8
27906,8
27907,8
27908,8
27909,8
27910,8
27911,8
27912,8
27913,8
27914,8
27915,8
27916,8
27917,8
27918,8
27919,8
27920,8
27921,8
27922,8
27923,8
27924,8
27925,8
27926,8
27927,8
27928,8
27929,8
27930,8
27931,8
27932,8
27933,8
27934,8
27935,8
27936,8
27937,8
27938,8
27939,8
27940,8
27941,8
27942,8
27943,8
27944,8
27945,8
27946,8
27947,8
27948,8
27949,8
27950,8
27951,8
27952,8
27953,8
27954,8
27955,8
27956,8
27957,8
27958,8
27959,8
27960,8
27961,8
27962,8
27963,8
27964,8
27965,8
27966,8
27967,8
27968,8
27969,8
27970,8
27971,8
27972,8
27973,8
27974,8
27975,8
27976,8
27977,8
27978,8
27979,8
27980,8
27981,8
27982,8
27983,8
27984,8
27985,8
27986,8
27987,8
27988,8
27989,8
27990,8
27991,8
27992,8
27993,8
27994,8
27995,8
27996,8
27997,8
27998,8
27999,8
28000,8
28001,8
28002,8
28003,8
28004,8
28005,8
28006,8
28007,8
28008,8
28009,8
28010,8
28011,8
28012,8
28013,8
28014,8
28015,8
28016,8
28017,8
28018,8
28019,8
28020,8
28021,8
28022,8
28023,8
28024,8
28025,8
28026,8
28027,8
28028,8
28029,8
28030,8
28031,8
28032,8
28033,8
28034,8
28035,8
28036,8
28037,8
28038,8
28039,8
28040,8
28041,8
28042,8
28043,8
28044,8
28045,8
28046,8
28047,8
28048,8
28049,8
28050,8
28051,8
28052,8
28053,8
28054,8
28055,8
28056,8
28057,8
28058,8
28059,8
28060,8
28061,8
28062,8
28063,8
28064,8
28065,8
28066,8
28067,8
28068,8
28069,8
28070,8
28071,8
28072,8
28073,8
28074,8
28075,8
28076,8
28077,8
28078,8
28079,8
28080,8
28081,8
28082,8
28083,8
28084,8
28085,8
28086,8
28087,8
28088,8
28089,8
28090,8
28091,8
28092,8
28093,8
28094,8
28095,8
28096,8
28097,8
28098,8
28099,8
28100,8
28101,8
28102,8
28103,8
28104,8
28105,8
28106,8
28107,8
28108,8
28109,8
28110,8
28111,8
28112,8
28113,8
28114,8
28115,8
28116,8
28117,8
28118,8
28119,8
28120,8
28121,8
28122,8
28123,8
28124,8
28125,8
28126,8
28127,8
28128,8
28129,8
28130,8
28131,8
28132,8
28133,8
28134,8
28135,8
28136,8
28137,8
28138,8
28139,8
28140,8
28141,8
28142,8
28143,8
28144,8
28145,8
28146,8
28147,8
28148,8
28149,8
28150,8
28151,8
28152,8
28153,8
28154,8
28155,8
28156,8
28157,8
28158,8
28159,8
28160,8
28161,8
28162,8
28163,8
28164,8
28165,8
28166,8
28167,8
28168,8
28169,8
28170,8
28171,8
28172,8
28173,8
28174,8
28175,8
28176,8
28177,8
28178,8
28179,8
28180,8
28181,8
28182,8
28183,8
28184,8
28185,8
28186,8
28187,8
28188,8
28189,8
28190,8
28191,8
28192,8
28193,8
28194,8
28195,8
28196,8
28197,8
28198,8
28199,8
28200,8
28201,8
28202,8
28203,8
28204,8
28205,8
28206,8
28207,8
28208,8
28209,8
28210,8
28211,8
28212,8
28213,8
28214,8
28215,8
28216,8
28217,8
28218,8
28219,8
28220,8
28221,8
28222,8
28223,8
28224,8
28225,8
28226,8
28227,8
28228,8
28229,8
28230,8
28231,8
28232,8
28233,8
28234,8
28235,8
28236,8
28237,8
28238,8
28239,8
28240,8
28241,8
28242,8
28243,8
28244,8
28245,8
28246,8
28247,8
28248,8
28249,8
28250,8
28251,8
28252,8
28253,8
28254,8
28255,8
28256,8
28257,8
28258,8
28259,8
28260,8
28261,8
28262,8
28263,8
28264,8
28265,8
28266,8
28267,8
28268,8
28269,8
28270,8
28271,8
28272,8
28273,8
28274,8
28275,8
28276,8
28277,8
28278,8
28279,8
28280,8
28281,8
28282,8
28283,8
28284,8
28285,8
28286,8
28287,8
28288,8
28289,8
28290,8
28291,8
28292,8
28293,8
28294,8
28295,8
28296,8
28297,8
28298,8
28299,8
28300,8
28301,8
28302,8
28303,8
28304,8
28305,8
28306,8
28307,8
28308,8
28309,8
28310,8
28311,8
28312,8
28313,8
28314,8
28315,8
28316,8
28317,8
28318,8
28319,8
28320,8
28321,8
28322,8
28323,8
28324,8
28325,8
28326,8
28327,8
28328,8
28329,8
28330,8
28331,8
28332,8
28333,8
28334,8
28335,8
28336,8
28337,8
28338,8
28339,8
28340,8
28341,8
28342,8
28343,8
28344,8
28345,8
28346,8
28347,8
28348,8
28349,8
28350,8
28351,8
28352,8
28353,8
28354,8
28355,8
28356,8
28357,8
28358,8
28359,8
28360,8
28361,8
28362,8
28363,8
28364,8
28365,8
28366,8
28367,8
28368,8
28369,8
28370,8
28371,8
28372,8
28373,8
28374,8
28375,8
28376,8
28377,8
28378,8
28379,8
28380,8
28381,8
28382,8
28383,8
28384,8
28385,8
28386,8
28387,8
28388,8
28389,8
28390,8
28391,8
28392,8
28393,8
28394,8
28395,8
28396,8
28397,8
28398,8
28399,8
28400,8
28401,8
28402,8
28403,8
28404,8
28405,8
28406,8
28407,8
28408,8
28409,8
28410,8
28411,8
28412,8
28413,8
28414,8
28415,8
28416,8
28417,8
28418,8
28419,8
28420,8
28421,8
28422,8
28423,8
28424,8
28425,8
28426,8
28427,8
28428,8
28429,8
28430,8
28431,8
28432,8
28433,8
28434,8
28435,8
28436,8
28437,8
28438,8
28439,8
28440,8
28441,8
28442,8
28443,8
28444,8
28445,8
28446,8
28447,8
28448,8
28449,8
28450,8
28451,8
28452,8
28453,8
28454,8
28455,8
28456,8
28457,8
28458,8
28459,8
28460,8
28461,8
28462,8
28463,8
28464,8
28465,8
28466,8
28467,8
28468,8
28469,8
28470,8
28471,8
28472,8
28473,8
28474,8
28475,8
28476,8
28477,8
28478,8
28479,8
28480,8
28481,8
28482,8
28483,8
28484,8
28485,8
28486,8
28487,8
28488,8
28489,8
28490,8
28491,8
28492,8
28493,8
28494,8
28495,8
28496,8
28497,8
28498,8
28499,8
28500,8
28501,8
28502,8
28503,8
28504,8
28505,8
28506,8
28507,8
28508,8
28509,8
28510,8
28511,8
28512,8
28513,8
28514,8
28515,8
28516,8
28517,8
28518,8
28519,8
28520,8
28521,8
28522,8
28523,8
28524,8
28525,8
28526,8
28527,8
28528,8
28529,8
28530,8
28531,8
28532,8
28533,8
28534,8
28535,8
28536,8
28537,8
28538,8
28539,8
28540,8
28541,8
28542,8
28543,8
28544,8
28545,8
28546,8
28547,8
28548,8
28549,8
28550,8
28551,8
28552,8
28553,8
28554,8
28555,8
28556,8
28557,8
28558,8
28559,8
28560,8
28561,8
28562,8
28563,8
28564,8
28565,8
28566,8
28567,8
28568,8
28569,8
28570,8
28571,8
28572,8
28573,8
28574,8
28575,8
28576,8
28577,8
28578,8
28579,8
28580,8
28581,8
28582,8
28583,8
28584,8
28585,8
28586,8
28587,8
28588,8
28589,8
28590,8
28591,8
28592,8
28593,8
28594,8
28595,8
28596,8
28597,8
28598,8
28599,8
28600,8
28601,8
28602,8
28603,8
28604,8
28605,8
28606,8
28607,8
28608,8
28609,8
28610,8
28611,8
28612,8
28613,8
28614,8
28615,8
28616,8
28617,8
28618,8
28619,8
28620,8
28621,8
28622,8
28623,8
28624,8
28625,8
28626,8
28627,8
28628,8
28629,8
28630,8
28631,8
28632,8
28633,8
28634,8
28635,8
28636,8
28637,8
28638,8
28639,8
28640,8
28641,8
28642,8
28643,8
28644,8
28645,8
28646,8
28647,8
28648,8
28649,8
28650,8
28651,8
28652,8
28653,8
28654,8
28655,8
28656,8
28657,8
28658,8
28659,8
28660,8
28661,8
28662,8
28663,8
28664,8
28665,8
28666,8
28667,8
28668,8
28669,8
28670,8
28671,8
28672,8
28673,8
28674,8
28675,8
28676,8
28677,8
28678,8
28679,8
28680,8
28681,8
28682,8
28683,8
28684,8
28685,8
28686,8
28687,8
28688,8
28689,8
28690,8
28691,8
28692,8
28693,8
28694,8
28695,8
28696,8
28697,8
28698,8
28699,8
28700,8
28701,8
28702,8
28703,8
28704,8
28705,8
28706,8
28707,8
28708,8
28709,8
28710,8
28711,8
28712,8
28713,8
28714,8
28715,8
28716,8
28717,8
28718,8
28719,8
28720,8
28721,8
28722,8
28723,8
28724,8
28725,8
28726,8
28727,8
28728,8
28729,8
28730,8
28731,8
28732,8
28733,8
28734,8
28735,8
28736,8
28737,8
28738,8
28739,8
28740,8
28741,8
28742,8
28743,8
28744,8
28745,8
28746,8
28747,8
28748,8
28749,8
28750,8
28751,8
28752,8
28753,8
28754,8
28755,8
28756,8
28757,8
28758,8
28759,8
28760,8
28761,8
28762,8
28763,8
28764,8
28765,8
28766,8
28767,8
28768,8
28769,8
28770,8
28771,8
28772,8
28773,8
28774,8
28775,8
28776,8
28777,8
28778,8
28779,8
28780,8
28781,8
28782,8
28783,8
28784,8
28785,8
28786,8
28787,8
28788,8
28789,8
28790,8
28791,8
28792,8
28793,8
28794,8
28795,8
28796,8
28797,8
28798,8
28799,8
28800,8
28801,8
28802,8
28803,8
28804,8
28805,8
28806,8
28807,8
28808,8
28809,8
28810,8
28811,8
28812,8
28813,8
28814,8
28815,8
28816,8
28817,8
28818,8
28819,8
28820,8
28821,8
28822,8
28823,8
28824,8
28825,8
28826,8
28827,8
28828,8
28829,8
28830,8
28831,8
28832,8
28833,8
28834,8
28835,8
28836,8
28837,8
28838,8
28839,8
28840,8
28841,8
28842,8
28843,8
28844,8
28845,8
28846,8
28847,8
28848,8
28849,8
28850,8
28851,8
28852,8
28853,8
28854,8
28855,8
28856,8
28857,8
28858,8
28859,8
28860,8
28861,8
28862,8
28863,8
28864,8
28865,8
28866,8
28867,8
28868,8
28869,8
28870,8
28871,8
28872,8
28873,8
28874,8
28875,8
28876,8
28877,8
28878,8
28879,8
28880,8
28881,8
28882,8
28883,8
28884,8
28885,8
28886,8
28887,8
28888,8
28889,8
28890,8
28891,8
28892,8
28893,8
28894,8
28895,8
28896,8
28897,8
28898,8
28899,8
28900,8
28901,8
28902,8
28903,8
28904,8
28905,8
28906,8
28907,8
28908,8
28909,8
28910,8
28911,8
28912,8
28913,8
28914,8
28915,8
28916,8
28917,8
28918,8
28919,8
28920,8
28921,8
28922,8
28923,8
28924,8
28925,8
28926,8
28927,8
28928,8
28929,8
28930,8
28931,8
28932,8
28933,8
28934,8
28935,8
28936,8
28937,8
28938,8
28939,8
28940,8
28941,8
28942,8
28943,8
28944,8
28945,8
28946,8
28947,8
28948,8
28949,8
28950,8
28951,8
28952,8
28953,8
28954,8
28955,8
28956,8
28957,8
28958,8
28959,8
28960,8
28961,8
28962,8
28963,8
28964,8
28965,8
28966,8
28967,8
28968,8
28969,8
28970,8
28971,8
28972,8
28973,8
28974,8
28975,8
28976,8
28977,8
28978,8
28979,8
28980,8
28981,8
28982,8
28983,8
28984,8
28985,8
28986,8
28987,8
28988,8
28989,8
28990,8
28991,8
28992,8
28993,8
28994,8
28995,8
28996,8
28997,8
28998,8
28999,8
29000,8
29001,8
29002,8
29003,8
29004,8
29005,8
29006,8
29007,8
29008,8
29009,8
29010,8
29011,8
29012,8
29013,8
29014,8
29015,8
29016,8
29017,8
29018,8
29019,8
29020,8
29021,8
29022,8
29023,8
29024,8
29025,8
29026,8
29027,8
29028,8
29029,8
29030,8
29031,8
29032,8
29033,8
29034,8
29035,8
29036,8
29037,8
29038,8
29039,8
29040,8
29041,8
29042,8
29043,8
29044,8
29045,8
29046,8
29047,8
29048,8
29049,8
29050,8
29051,8
29052,8
29053,8
29054,8
29055,8
29056,8
29057,8
29058,8
29059,8
29060,8
29061,8
29062,8
29063,8
29064,8
29065,8
29066,8
29067,8
29068,8
29069,8
29070,8
29071,8
29072,8
29073,8
29074,8
29075,8
29076,8
29077,8
29078,8
29079,8
29080,8
29081,8
29082,8
29083,8
29084,8
29085,8
29086,8
29087,8
29088,8
29089,8
29090,8
29091,8
29092,8
29093,8
29094,8
29095,8
29096,8
29097,8
29098,8
29099,8
29100,8
29101,8
29102,8
29103,8
29104,8
29105,8
29106,8
29107,8
29108,8
29109,8
29110,8
29111,8
29112,8
29113,8
29114,8
29115,8
29116,8
29117,8
29118,8
29119,8
29120,8
29121,8
29122,8
29123,8
29124,8
29125,8
29126,8
29127,8
29128,8
29129,8
29130,8
29131,8
29132,8
29133,8
29134,8
29135,8
29136,8
29137,8
29138,8
29139,8
29140,8
29141,8
29142,8
29143,8
29144,8
29145,8
29146,8
29147,8
29148,8
29149,8
29150,8
29151,8
29152,8
29153,8
29154,8
29155,8
29156,8
29157,8
29158,8
29159,8
29160,8
29161,8
29162,8
29163,8
29164,8
29165,8
29166,8
29167,8
29168,8
29169,8
29170,8
29171,8
29172,8
29173,8
29174,8
29175,8
29176,8
29177,8
29178,8
29179,8
29180,8
29181,8
29182,8
29183,8
29184,8
29185,8
29186,8
29187,8
29188,8
29189,8
29190,8
29191,8
29192,8
29193,8
29194,8
29195,8
29196,8
29197,8
29198,8
29199,8
29200,8
29201,8
29202,8
29203,8
29204,8
29205,8
29206,8
29207,8
29208,8
29209,8
29210,8
29211,8
29212,8
29213,8
29214,8
29215,8
29216,8
29217,8
29218,8
29219,8
29220,8
29221,8
29222,8
29223,8
29224,8
29225,8
29226,8
29227,8
29228,8
29229,8
29230,8
29231,8
29232,8
29233,8
29234,8
29235,8
29236,8
29237,8
29238,8
29239,8
29240,8
29241,8
29242,8
29243,8
29244,8
29245,8
29246,8
29247,8
29248,8
29249,8
29250,8
29251,8
29252,8
29253,8
29254,8
29255,8
29256,8
29257,8
29258,8
29259,8
29260,8
29261,8
29262,8
29263,8
29264,8
29265,8
29266,8
29267,8
29268,8
29269,8
29270,8
29271,8
29272,8
29273,8
29274,8
29275,8
29276,8
29277,8
29278,8
29279,8
29280,8
29281,8
29282,8
29283,8
29284,8
29285,8
29286,8
29287,8
29288,8
29289,8
29290,8
29291,8
29292,8
29293,8
29294,8
29295,8
29296,8
29297,8
29298,8
29299,8
29300,8
29301,8
29302,8
29303,8
29304,8
29305,8
29306,8
29307,8
29308,8
29309,8
29310,8
29311,8
29312,8
29313,8
29314,8
29315,8
29316,8
29317,8
29318,8
29319,8
29320,8
29321,8
29322,8
29323,8
29324,8
29325,8
29326,8
29327,8
29328,8
29329,8
29330,8
29331,8
29332,8
29333,8
29334,8
29335,8
29336,8
29337,8
29338,8
29339,8
29340,8
29341,8
29342,8
29343,8
29344,8
29345,8
29346,8
29347,8
29348,8
29349,8
29350,8
29351,8
29352,8
29353,8
29354,8
29355,8
29356,8
29357,8
29358,8
29359,8
29360,8
29361,8
29362,8
29363,8
29364,8
29365,8
29366,8
29367,8
29368,8
29369,8
29370,8
29371,8
29372,8
29373,8
29374,8
29375,8
29376,8
29377,8
29378,8
29379,8
29380,8
29381,8
29382,8
29383,8
29384,8
29385,8
29386,8
29387,8
29388,8
29389,8
29390,8
29391,8
29392,8
29393,8
29394,8
29395,8
29396,8
29397,8
29398,8
29399,8
29400,8
29401,8
29402,8
29403,8
29404,8
29405,8
29406,8
29407,8
29408,8
29409,8
29410,8
29411,8
29412,8
29413,8
29414,8
29415,8
29416,8
29417,8
29418,8
29419,8
29420,8
29421,8
29422,8
29423,8
29424,8
29425,8
29426,8
29427,8
29428,8
29429,8
29430,8
29431,8
29432,8
29433,8
29434,8
29435,8
29436,8
29437,8
29438,8
29439,8
29440,8
29441,8
29442,8
29443,8
29444,8
29445,8
29446,8
29447,8
29448,8
29449,8
29450,8
29451,8
29452,8
29453,8
29454,8
29455,8
29456,8
29457,8
29458,8
29459,8
29460,8
29461,8
29462,8
29463,8
29464,8
29465,8
29466,8
29467,8
29468,8
29469,8
29470,8
29471,8
29472,8
29473,8
29474,8
29475,8
29476,8
29477,8
29478,8
29479,8
29480,8
29481,8
29482,8
29483,8
29484,8
29485,8
29486,8
29487,8
29488,8
29489,8
29490,8
29491,8
29492,8
29493,8
29494,8
29495,8
29496,8
29497,8
29498,8
29499,8
29500,8
29501,8
29502,8
29503,8
29504,8
29505,8
29506,8
29507,8
29508,8
29509,8
29510,8
29511,8
29512,8
29513,8
29514,8
29515,8
29516,8
29517,8
29518,8
29519,8
29520,8
29521,8
29522,8
29523,8
29524,8
29525,8
29526,8
29527,8
29528,8
29529,8
29530,8
29531,8
29532,8
29533,8
29534,8
29535,8
29536,8
29537,8
29538,8
29539,8
29540,8
29541,8
29542,8
29543,8
29544,8
29545,8
29546,8
29547,8
29548,8
29549,8
29550,8
29551,8
29552,8
29553,8
29554,8
29555,8
29556,8
29557,8
29558,8
29559,8
29560,8
29561,8
29562,8
29563,8
29564,8
29565,8
29566,8
29567,8
29568,8
29569,8
29570,8
29571,8
29572,8
29573,8
29574,8
29575,8
29576,8
29577,8
29578,8
29579,8
29580,8
29581,8
29582,8
29583,8
29584,8
29585,8
29586,8
29587,8
29588,8
29589,8
29590,8
29591,8
29592,8
29593,8
29594,8
29595,8
29596,8
29597,8
29598,8
29599,8
29600,8
29601,8
29602,8
29603,8
29604,8
29605,8
29606,8
29607,8
29608,8
29609,8
29610,8
29611,8
29612,8
29613,8
29614,8
29615,8
29616,8
29617,8
29618,8
29619,8
29620,8
29621,8
29622,8
29623,8
29624,8
29625,8
29626,8
29627,8
29628,8
29629,8
29630,8
29631,8
29632,8
29633,8
29634,8
29635,8
29636,8
29637,8
29638,8
29639,8
29640,8
29641,8
29642,8
29643,8
29644,8
29645,8
29646,8
29647,8
29648,8
29649,8
29650,8
29651,8
29652,8
29653,8
29654,8
29655,8
29656,8
29657,8
29658,8
29659,8
29660,8
29661,8
29662,8
29663,8
29664,8
29665,8
29666,8
29667,8
29668,8
29669,8
29670,8
29671,8
29672,8
29673,8
29674,8
29675,8
29676,8
29677,8
29678,8
29679,8
29680,8
29681,8
29682,8
29683,8
29684,8
29685,8
29686,8
29687,8
29688,8
29689,8
29690,8
29691,8
29692,8
29693,8
29694,8
29695,8
29696,8
29697,8
29698,8
29699,8
29700,8
29701,8
29702,8
29703,8
29704,8
29705,8
29706,8
29707,8
29708,8
29709,8
29710,8
29711,8
29712,8
29713,8
29714,8
29715,8
29716,8
29717,8
29718,8
29719,8
29720,8
29721,8
29722,8
29723,8
29724,8
29725,8
29726,8
29727,8
29728,8
29729,8
29730,8
29731,8
29732,8
29733,8
29734,8
29735,8
29736,8
29737,8
29738,8
29739,8
29740,8
29741,8
29742,8
29743,8
29744,8
29745,8
29746,8
29747,8
29748,8
29749,8
29750,8
29751,8
29752,8
29753,8
29754,8
29755,8
29756,8
29757,8
29758,8
29759,8
29760,8
29761,8
29762,8
29763,8
29764,8
29765,8
29766,8
29767,8
29768,8
29769,8
29770,8
29771,8
29772,8
29773,8
29774,8
29775,8
29776,8
29777,8
29778,8
29779,8
29780,8
29781,8
29782,8
29783,8
29784,8
29785,8
29786,8
29787,8
29788,8
29789,8
29790,8
29791,8
29792,8
29793,8
29794,8
29795,8
29796,8
29797,8
29798,8
29799,8
29800,8
29801,8
29802,8
29803,8
29804,8
29805,8
29806,8
29807,8
29808,8
29809,8
29810,8
29811,8
29812,8
29813,8
29814,8
29815,8
29816,8
29817,8
29818,8
29819,8
29820,8
29821,8
29822,8
29823,8
29824,8
29825,8
29826,8
29827,8
29828,8
29829,8
29830,8
29831,8
29832,8
29833,8
29834,8
29835,8
29836,8
29837,8
29838,8
29839,8
29840,8
29841,8
29842,8
29843,8
29844,8
29845,8
29846,8
29847,8
29848,8
29849,8
29850,8
29851,8
29852,8
29853,8
29854,8
29855,8
29856,8
29857,8
29858,8
29859,8
29860,8
29861,8
29862,8
29863,8
29864,8
29865,8
29866,8
29867,8
29868,8
29869,8
29870,8
29871,8
29872,8
29873,8
29874,8
29875,8
29876,8
29877,8
29878,8
29879,8
29880,8
29881,8
29882,8
29883,8
29884,8
29885,8
29886,8
29887,8
29888,8
29889,8
29890,8
29891,8
29892,8
29893,8
29894,8
29895,8
29896,8
29897,8
29898,8
29899,8
29900,8
29901,8
29902,8
29903,8
29904,8
29905,8
29906,8
29907,8
29908,8
29909,8
29910,8
29911,8
29912,8
29913,8
29914,8
29915,8
29916,8
29917,8
29918,8
29919,8
29920,8
29921,8
29922,8
29923,8
29924,8
29925,8
29926,8
29927,8
29928,8
29929,8
29930,8
29931,8
29932,8
29933,8
29934,8
29935,8
29936,8
29937,8
29938,8
29939,8
29940,8
29941,8
29942,8
29943,8
29944,8
29945,8
29946,8
29947,8
29948,8
29949,8
29950,8
29951,8
29952,8
29953,8
29954,8
29955,8
29956,8
29957,8
29958,8
29959,8
29960,8
29961,8
29962,8
29963,8
29964,8
29965,8
29966,8
29967,8
29968,8
29969,8
29970,8
29971,8
29972,8
29973,8
29974,8
29975,8
29976,8
29977,8
29978,8
29979,8
29980,8
29981,8
29982,8
29983,8
29984,8
29985,8
29986,8
29987,8
29988,8
29989,8
29990,8
29991,8
29992,8
29993,8
29994,8
29995,8
29996,8
29997,8
29998,8
29999,8